Workbook

Sheet p_HARVSTAREA_L
A1: p_HARVSTAREA_L | B1: 1 pdr | C1: 2 wht | D1: 3 gro | E1: 4 v_f | F1: 5 osd | G1: 6 c_b | H1: 7 pfb | I1: 8 ocr
A2: 1 New18 | B2: 0 | C2: 0 | D2: 0 | E2: 0 | F2: 0 | G2: 0 | H2: 0 | I2: 0
A3: 2 New17 | B3: 0 | C3: 0 | D3: 0 | E3: 0 | F3: 0 | G3: 0 | H3: 0 | I3: 0
A4: 3 New16 | B4: 0 | C4: 0 | D4: 0 | E4: 0 | F4: 0 | G4: 0 | H4: 0 | I4: 0
A5: 4 New15 | B5: 0 | C5: 0 | D5: 0 | E5: 0 | F5: 0 | G5: 0 | H5: 0 | I5: 0
A6: 5 New14 | B6: 0 | C6: 0 | D6: 0 | E6: 0 | F6: 0 | G6: 0 | H6: 0 | I6: 0
A7: 6 New13 | B7: 0 | C7: 0 | D7: 0 | E7: 0 | F7: 0 | G7: 0 | H7: 0 | I7: 0
A8: 7 New12 | B8: 8.0405 | C8: -5.8599 | D8: -2.6132 | E8: -0.4507 | F8: -4.4812 | G8: 20.0156 | H8: -4.5829 | I8: 0.0673
A9: 8 New11 | B9: -2.7047 | C9: -1.3638 | D9: -0.4296 | E9: -0.0869 | F9: -0.7938 | G9: 8.0794 | H9: -0.8067 | I9: 0.0411
A10: 9 New10 | B10: 2.4564 | C10: 3.4665 | D10: 0.3395 | E10: 5.8 | F10: -6.9187 | G10: 13.8126 | H10: -9.5024 | I10: -5.0253
A11: 10 New9 | B11: 0 | C11: 0 | D11: 0 | E11: 0 | F11: 0 | G11: 0 | H11: 0 | I11: 0
A12: 11 New8 | B12: 0 | C12: 0 | D12: 0 | E12: 0 | F12: 0 | G12: 0 | H12: 0 | I12: 0
A13: 12 New7 | B13: 0 | C13: 0 | D13: 0 | E13: 0 | F13: 0 | G13: 0 | H13: 0 | I13: 0
... A19: 18 New1 | B19: 8.0907 | C19: 5.2328 | D19: 5.8574 | E19: 11.6181 | F19: -1.8 | G19: 20.0714 | H19: -4.5257 | I19: 0.1975

Sheet Sheet2
A1: cHARVSTAREA | B1: 1 pdr | C1: 2 wht | D1: 3 gro | E1: 4 v_f | F1: 5 osd | G1: 6 c_b | H1: 7 pfb | I1: 8 ocr | J1: Total
A2: 1 New18 | B2: 0 | C2: 0 | D2: 0 | E2: 0 | F2: 0 | G2: 0 | H2: 0 | I2: 0 | J2: 0
A3: 2 New17 | B3: 0 | C3: 0 | D3: 0 | E3: 0 | F3: 0 | G3: 0 | H3: 0 | I3: 0 | J3: 0
A4: 3 New16 | B4: 0 | C4: 0 | D4: 0 | E4: 0 | F4: 0 | G4: 0 | H4: 0 | I4: 0 | J4: 0
A5: 4 New15 | B5: 0 | C5: 0 | D5: 0 | E5: 0 | F5: 0 | G5: 0 | H5: 0 | I5: 0 | J5: 0
A6: 5 New14 | B6: 0 | C6: 0 | D6: 0 | E6: 0 | F6: 0 | G6: 0 | H6: 0 | I6: 0 | J6: 0
A7: 6 New13 | B7: 0 | C7: 0 | D7: 0 | E7: 0 | F7: 0 | G7: 0 | H7: 0 | I7: 0 | J7: 0
A8: 7 New12 | B8: 52.5184 | C8: -68.4927 | D8: -131.3983 | E8: -4.6904 | F8: -434.2234 | G8: 30.1695 | H8: -1.0529 | I8: 0.2839 | J8: -430.64605
A9: 8 New11 | B9: -0.1061 | C9: -0.0098 | D9: -0.7038 | E9: -0.0403 | F9: -0.1095 | G9: 0.9743 | H9: -0.0121 | I9: 0.0443 | J9: 4.062031
A10: 9 New10 | B10: 0.0018 | C10: 0.0144 | D10: 0.0064 | E10: 0.3264 | F10: -0.0255 | G10: 0.3082 | H10: -0.077 | I10: -0.3497 | J10: 0.059842
A11: 10 New9 | B11: 0 | C11: 0 | D11: 0 | E11: 0 | F11: 0 | G11: 0 | H11: 0 | I11: 0 | J11: 0
A12: 11 New8 | B12: 0 | C12: 0 | D12: 0 | E12: 0 | F12: 0 | G12: 0 | H12: 0 | I12: 0 | J12: 0
A13: 12 New7 | B13: 0 | C13: 0 | D13: 0 | E13: 0 | F13: 0 | G13: 0 | H13: 0 | I13: 0 | J13: 0
... A20: Total | B20: 51.570397 | C20: -117.09068 | D20: -421.56734 | E20: -22.103851 | F20: -1268.1067 | G20: 292.30821 | H20: -72.024657 | I20: -17.616751 | J20: -1574.6314

Sheet cHARVSTAREA
A1: cHARVSTAREA | B1: 1 pdr | C1: 2 wht | D1: 3 gro | E1: 4 v_f | F1: 5 osd | G1: 6 c_b | H1: 7 pfb | I1: 8 ocr
A2: 1 New18 | B2: =Sheet2!B2*1000 -> 0 | C2: =Sheet2!C2*1000 -> 0 | D2: =Sheet2!D2*1000 -> 0 | E2: =Sheet2!E2*1000 -> 0 | F2: =Sheet2!F2*1000 -> 0 | G2: =Sheet2!G2*1000 -> 0 | H2: =Sheet2!H2*1000 -> 0 | I2: =Sheet2!I2*1000 -> 0
A3: 2 New17 | B3: =Sheet2!B3*1000 -> 0 | C3: =Sheet2!C3*1000 -> 0 | D3: =Sheet2!D3*1000 -> 0 | E3: =Sheet2!E3*1000 -> 0 | F3: =Sheet2!F3*1000 -> 0 | G3: =Sheet2!G3*1000 -> 0 | H3: =Sheet2!H3*1000 -> 0 | I3: =Sheet2!I3*1000 -> 0
A4: 3 New16 | B4: =Sheet2!B4*1000 -> 0 | C4: =Sheet2!C4*1000 -> 0 | D4: =Sheet2!D4*1000 -> 0 | E4: =Sheet2!E4*1000 -> 0 | F4: =Sheet2!F4*1000 -> 0 | G4: =Sheet2!G4*1000 -> 0 | H4: =Sheet2!H4*1000 -> 0 | I4: =Sheet2!I4*1000 -> 0
A5: 4 New15 | B5: =Sheet2!B5*1000 -> 0 | C5: =Sheet2!C5*1000 -> 0 | D5: =Sheet2!D5*1000 -> 0 | E5: =Sheet2!E5*1000 -> 0 | F5: =Sheet2!F5*1000 -> 0 | G5: =Sheet2!G5*1000 -> 0 | H5: =Sheet2!H5*1000 -> 0 | I5: =Sheet2!I5*1000 -> 0
A6: 5 New14 | B6: =Sheet2!B6*1000 -> 0 | C6: =Sheet2!C6*1000 -> 0 | D6: =Sheet2!D6*1000 -> 0 | E6: =Sheet2!E6*1000 -> 0 | F6: =Sheet2!F6*1000 -> 0 | G6: =Sheet2!G6*1000 -> 0 | H6: =Sheet2!H6*1000 -> 0 | I6: =Sheet2!I6*1000 -> 0
A7: 6 New13 | B7: =Sheet2!B7*1000 -> 0 | C7: =Sheet2!C7*1000 -> 0 | D7: =Sheet2!D7*1000 -> 0 | E7: =Sheet2!E7*1000 -> 0 | F7: =Sheet2!F7*1000 -> 0 | G7: =Sheet2!G7*1000 -> 0 | H7: =Sheet2!H7*1000 -> 0 | I7: =Sheet2!I7*1000 -> 0
A8: 7 New12 | B8: =Sheet2!B8*1000 -> 52518.4 | C8: =Sheet2!C8*1000 -> -68492.7 | D8: =Sheet2!D8*1000 -> -131398.3 | E8: =Sheet2!E8*1000 -> -4690.4 | F8: =Sheet2!F8*1000 -> -434223.4 | G8: =Sheet2!G8*1000 -> 30169.5 | H8: =Sheet2!H8*1000 -> -1052.9 | I8: =Sheet2!I8*1000 -> 283.9
A9: 8 New11 | B9: =Sheet2!B9*1000 -> -106.1 | C9: =Sheet2!C9*1000 -> -9.8 | D9: =Sheet2!D9*1000 -> -703.8 | E9: =Sheet2!E9*1000 -> -40.3 | F9: =Sheet2!F9*1000 -> -109.5 | G9: =Sheet2!G9*1000 -> 974.3 | H9: =Sheet2!H9*1000 -> -12.1 | I9: =Sheet2!I9*1000 -> 44.3
A10: 9 New10 | B10: =Sheet2!B10*1000 -> 1.8 | C10: =Sheet2!C10*1000 -> 14.4 | D10: =Sheet2!D10*1000 -> 6.4 | E10: =Sheet2!E10*1000 -> 326.4 | F10: =Sheet2!F10*1000 -> -25.5 | G10: =Sheet2!G10*1000 -> 308.2 | H10: =Sheet2!H10*1000 -> -77 | I10: =Sheet2!I10*1000 -> -349.7
A11: 10 New9 | B11: =Sheet2!B11*1000 -> 0 | C11: =Sheet2!C11*1000 -> 0 | D11: =Sheet2!D11*1000 -> 0 | E11: =Sheet2!E11*1000 -> 0 | F11: =Sheet2!F11*1000 -> 0 | G11: =Sheet2!G11*1000 -> 0 | H11: =Sheet2!H11*1000 -> 0 | I11: =Sheet2!I11*1000 -> 0
A12: 11 New8 | B12: =Sheet2!B12*1000 -> 0 | C12: =Sheet2!C12*1000 -> 0 | D12: =Sheet2!D12*1000 -> 0 | E12: =Sheet2!E12*1000 -> 0 | F12: =Sheet2!F12*1000 -> 0 | G12: =Sheet2!G12*1000 -> 0 | H12: =Sheet2!H12*1000 -> 0 | I12: =Sheet2!I12*1000 -> 0
A13: 12 New7 | B13: =Sheet2!B13*1000 -> 0 | C13: =Sheet2!C13*1000 -> 0 | D13: =Sheet2!D13*1000 -> 0 | E13: =Sheet2!E13*1000 -> 0 | F13: =Sheet2!F13*1000 -> 0 | G13: =Sheet2!G13*1000 -> 0 | H13: =Sheet2!H13*1000 -> 0 | I13: =Sheet2!I13*1000 -> 0
... A19: 18 New1 | B19: =Sheet2!B19*1000 -> 18.1 | C19: =Sheet2!C19*1000 -> 0 | D19: =Sheet2!D19*1000 -> 562.6 | E19: =Sheet2!E19*1000 -> 2526.7 | F19: =Sheet2!F19*1000 -> -77.4 | G19: =Sheet2!G19*1000 -> 2861.4 | H19: =Sheet2!H19*1000 -> -498 | I19: =Sheet2!I19*1000 -> 1.5

Sheet p_LANDCOVER_L
A1: p_LANDCOVER_L | B1: 1 Forest | C1: 2 SavnGrasslnd | D1: 3 Shrubland | E1: 4 Cropland | F1: 5 ruminant | G1: 6 Builtupland | H1: 7 Otherland
A2: 1 New18 | B2: 0 | C2: 0 | D2: 0 | E2: 0 | F2: 0 | G2: 0 | H2: 0
A3: 2 New17 | B3: 0 | C3: 0 | D3: 0 | E3: 0 | F3: 0 | G3: 0 | H3: 0
A4: 3 New16 | B4: 0 | C4: 0 | D4: 0 | E4: 0 | F4: 0 | G4: 0 | H4: 0
A5: 4 New15 | B5: 0 | C5: 0 | D5: 0 | E5: 0 | F5: 0 | G5: 0 | H5: 0
A6: 5 New14 | B6: 0 | C6: 0 | D6: 0 | E6: 0 | F6: 0 | G6: 0 | H6: 0
A7: 6 New13 | B7: 0 | C7: 0 | D7: 0 | E7: 0 | F7: 0 | G7: 0 | H7: 0
A8: 7 New12 | B8: 12.8883 | C8: 0 | D8: 0 | E8: -4.6871 | F8: -0.654 | G8: 0 | H8: 0
A9: 8 New11 | B9: 0.022 | C9: 0 | D9: 0 | E9: 0.0462 | F9: -0.0236 | G9: 0 | H9: 0
A10: 9 New10 | B10: -39.0112 | C10: 0 | D10: 0 | E10: 14.8174 | F10: -47.356 | G10: 0 | H10: 0
A11: 10 New9 | B11: 0 | C11: 0 | D11: 0 | E11: 0 | F11: 0 | G11: 0 | H11: 0
A12: 11 New8 | B12: 0 | C12: 0 | D12: 0 | E12: 0 | F12: 0 | G12: 0 | H12: 0
A13: 12 New7 | B13: 0 | C13: 0 | D13: 0 | E13: 0 | F13: 0 | G13: 0 | H13: 0
... A19: 18 New1 | B19: 7.2431 | C19: 0 | D19: 0 | E19: 7.1069 | F19: -4.1296 | G19: 0 | H19: 0

Sheet Sheet5
A1: LUC | B1: 1 Forest | C1: 2 SavnGrasslnd | D1: 3 Shrubland | E1: 4 Cropland | F1: 5 ruminant | G1: 6 Builtupland | H1: 7 Otherland | I1: Total
A2: 1 New18 | B2: 0 | C2: 0 | D2: 0 | E2: 0 | F2: 0 | G2: 0 | H2: 0 | I2: 0
A3: 2 New17 | B3: 0 | C3: 0 | D3: 0 | E3: 0 | F3: 0 | G3: 0 | H3: 0 | I3: 0
A4: 3 New16 | B4: 0 | C4: 0 | D4: 0 | E4: 0 | F4: 0 | G4: 0 | H4: 0 | I4: 0
A5: 4 New15 | B5: 0 | C5: 0 | D5: 0 | E5: 0 | F5: 0 | G5: 0 | H5: 0 | I5: 0
A6: 5 New14 | B6: 0 | C6: 0 | D6: 0 | E6: 0 | F6: 0 | G6: 0 | H6: 0 | I6: 0
A7: 6 New13 | B7: 0 | C7: 0 | D7: 0 | E7: 0 | F7: 0 | G7: 0 | H7: 0 | I7: 0
A8: 7 New12 | B8: 654.8102 | C8: 0 | D8: 0 | E8: -556.8863 | F8: -97.9244 | G8: 0 | H8: 0 | I8: 0
A9: 8 New11 | B9: 0 | C9: 0 | D9: 0 | E9: 0.037 | F9: -0.037 | G9: 0 | H9: 0 | I9: 0 | M9: del_LUC[**Brasil] | N9: 1 Forestland | O9: 2 SavnGrasland | P9: 3 Shrubland | Q9: 4 Cropland | R9: 5 Pastureland | S9: 6 Builtupland | T9: 7 Otherland
A10: 9 New10 | B10: 0 | C10: 0 | D10: 0 | E10: 0.2051 | F10: -0.2051 | G10: 0 | H10: 0 | I10: 0 | M10: 1 AEZ1 | N10: 0 | O10: 0 | P10: 0 | Q10: 5.3949 | R10: -5.3949 | S10: 0 | T10: 0
A11: 10 New9 | B11: 0 | C11: 0 | D11: 0 | E11: 0 | F11: 0 | G11: 0 | H11: 0 | I11: 0 | M11: 2 AEZ2 | N11: 0 | O11: 0 | P11: 0 | Q11: 81.3719 | R11: -81.3719 | S11: 0 | T11: 0
A12: 11 New8 | B12: 0 | C12: 0 | D12: 0 | E12: 0 | F12: 0 | G12: 0 | H12: 0 | I12: 0 | M12: 3 AEZ3 | N12: 0 | O12: 0 | P12: 0 | Q12: 0.1732 | R12: -0.1732 | S12: 0 | T12: 0
A13: 12 New7 | B13: 0 | C13: 0 | D13: 0 | E13: 0 | F13: 0 | G13: 0 | H13: 0 | I13: 0 | M13: 4 AEZ4 | N13: 715.5543 | O13: 0 | P13: 0 | Q13: 25.2519 | R13: -740.806 | S13: 0 | T13: 0
A14: 13 New6 | B14: 2714.4097 | C14: 0 | D14: 0 | E14: -827.8854 | F14: -1886.5245 | G14: 0 | H14: 0 | I14: 0 | M14: 5 AEZ5 | N14: 2908.5659 | O14: 0 | P14: 0 | Q14: -677.467 | R14: -2231.0979 | S14: 0 | T14: 0
A15: 14 New5 | B15: 2908.5659 | C15: 0 | D15: 0 | E15: -677.467 | F15: -2231.0979 | G15: 0 | H15: 0 | I15: 0 | M15: 6 AEZ6 | N15: 2714.4097 | O15: 0 | P15: 0 | Q15: -827.8854 | R15: -1886.5245 | S15: 0 | T15: 0
A16: 15 New4 | B16: 715.5543 | C16: 0 | D16: 0 | E16: 25.2519 | F16: -740.806 | G16: 0 | H16: 0 | I16: 0 | M16: 7 AEZ7 | N16: 0 | O16: 0 | P16: 0 | Q16: 0 | R16: 0 | S16: 0 | T16: 0
A17: 16 New3 | B17: 0 | C17: 0 | D17: 0 | E17: 0.1732 | F17: -0.1732 | G17: 0 | H17: 0 | I17: 0 | M17: 8 AEZ8 | N17: 0 | O17: 0 | P17: 0 | Q17: 0 | R17: 0 | S17: 0 | T17: 0
A18: 17 New2 | B18: 0 | C18: 0 | D18: 0 | E18: 81.3719 | F18: -81.3719 | G18: 0 | H18: 0 | I18: 0 | M18: 9 AEZ9 | N18: 0 | O18: 0 | P18: 0 | Q18: 0 | R18: 0 | S18: 0 | T18: 0
A19: 18 New1 | B19: 0 | C19: 0 | D19: 0 | E19: 5.3949 | F19: -5.3949 | G19: 0 | H19: 0 | I19: 0 | M19: 10 AEZ10 | N19: 0 | O19: 0 | P19: 0 | Q19: 0.2051 | R19: -0.2051 | S19: 0 | T19: 0
A20: Total | B20: 6915 | C20: 0 | D20: 0 | E20: -1575 | F20: -5341 | G20: 0 | H20: 0 | I20: 0 | M20: 11 AEZ11 | N20: 0 | O20: 0 | P20: 0 | Q20: 0.037 | R20: -0.037 | S20: 0 | T20: 0
M21: 12 AEZ12 | N21: 654.8102 | O21: 0 | P21: 0 | Q21: -556.8863 | R21: -97.9244 | S21: 0 | T21: 0
M22: 13 AEZ13 | N22: 0 | O22: 0 | P22: 0 | Q22: 0 | R22: 0 | S22: 0 | T22: 0
M23: 14 AEZ14 | N23: 0 | O23: 0 | P23: 0 | Q23: 0 | R23: 0 | S23: 0 | T23: 0
M24: 15 AEZ15 | N24: 0 | O24: 0 | P24: 0 | Q24: 0 | R24: 0 | S24: 0 | T24: 0
M25: 16 AEZ16 | N25: 0 | O25: 0 | P25: 0 | Q25: 0 | R25: 0 | S25: 0 | T25: 0
M26: 17 AEZ17 | N26: 0 | O26: 0 | P26: 0 | Q26: 0 | R26: 0 | S26: 0 | T26: 0
M27: 18 AEZ18 | N27: 0 | O27: 0 | P27: 0 | Q27: 0 | R27: 0 | S27: 0 | T27: 0

Sheet Ruminant
A1: LUC | B1: =Sheet5!F1 -> 5 ruminant
A2: 1 New18 | B2: =Sheet5!F2*1000 -> 0
A3: 2 New17 | B3: =Sheet5!F3*1000 -> 0
A4: 3 New16 | B4: =Sheet5!F4*1000 -> 0
A5: 4 New15 | B5: =Sheet5!F5*1000 -> 0
A6: 5 New14 | B6: =Sheet5!F6*1000 -> 0
A7: 6 New13 | B7: =Sheet5!F7*1000 -> 0
A8: 7 New12 | B8: =Sheet5!F8*1000 -> -97924.4
A9: 8 New11 | B9: =Sheet5!F9*1000 -> -37
A10: 9 New10 | B10: =Sheet5!F10*1000 -> -205.1
A11: 10 New9 | B11: =Sheet5!F11*1000 -> 0
A12: 11 New8 | B12: =Sheet5!F12*1000 -> 0
A13: 12 New7 | B13: =Sheet5!F13*1000 -> 0
... A19: 18 New1 | B19: =Sheet5!F19*1000 -> -5394.9

Sheet Forest
A1: LUC | B1: Forest
A2: 1 New18 | B2: =Sheet5!B2*1000 -> 0
A3: 2 New17 | B3: =Sheet5!B3*1000 -> 0
A4: 3 New16 | B4: =Sheet5!B4*1000 -> 0
A5: 4 New15 | B5: =Sheet5!B5*1000 -> 0
A6: 5 New14 | B6: =Sheet5!B6*1000 -> 0
A7: 6 New13 | B7: =Sheet5!B7*1000 -> 0
A8: 7 New12 | B8: =Sheet5!B8*1000 -> 654810.2
A9: 8 New11 | B9: =Sheet5!B9*1000 -> 0
A10: 9 New10 | B10: =Sheet5!B10*1000 -> 0
A11: 10 New9 | B11: =Sheet5!B11*1000 -> 0
A12: 11 New8 | B12: =Sheet5!B12*1000 -> 0
A13: 12 New7 | B13: =Sheet5!B13*1000 -> 0
... A19: 18 New1 | B19: =Sheet5!B19*1000 -> 0
