Workbook

Sheet Additional_LU_and_deforestation
A1: Country | B1: AEZ | C1: Name | D1: ID | E1: HILDA_Additional_LU_Ha (2010-2018) | F1: =[1]Deforestation!E1 -> HILDA_deforestation_Ha | G1: Coef. GTAP
A2: =[1]Deforestation!A2 -> Indonesia | B2: =[1]Deforestation!B2 -> AEZ12 | C2: =[1]Deforestation!C2 -> v_f | D2: =[1]Deforestation!D2 -> Indonesia#AEZ12#v_f | E2: =_xlfn.IFNA(_xlfn.IFNA(VLOOKUP(D2,[2]Sheet1!$D:$E,2,FALSE),VLOOKUP(D2,[3]Sheet1!$D:$E,2,FALSE)),0) -> 8661.0655 | F2: =[1]Deforestation!E2 -> 321.67474 | G2: =IFERROR(IF((F2/E2)>1,1,F2/E2),0) -> 0.03714032
A3: =[1]Deforestation!A3 -> Angola | B3: =[1]Deforestation!B3 -> AEZ11 | C3: =[1]Deforestation!C3 -> osd | D3: =[1]Deforestation!D3 -> Angola#AEZ11#osd | E3: =_xlfn.IFNA(_xlfn.IFNA(VLOOKUP(D3,[2]Sheet1!$D:$E,2,FALSE),VLOOKUP(D3,[3]Sheet1!$D:$E,2,FALSE)),0) -> 201.99998 | F3: =[1]Deforestation!E3 -> 1373.9692 | G3: =IFERROR(IF((F3/E3)>1,1,F3/E3),0) -> 1
A4: =[1]Deforestation!A4 -> Peru | B4: =[1]Deforestation!B4 -> AEZ7 | C4: =[1]Deforestation!C4 -> pfb | D4: =[1]Deforestation!D4 -> Peru#AEZ7#pfb | E4: =_xlfn.IFNA(_xlfn.IFNA(VLOOKUP(D4,[2]Sheet1!$D:$E,2,FALSE),VLOOKUP(D4,[3]Sheet1!$D:$E,2,FALSE)),0) -> 2387.1865 | F4: =[1]Deforestation!E4 -> 3.153044 | G4: =IFERROR(IF((F4/E4)>1,1,F4/E4),0) -> 0.0013208201
A5: =[1]Deforestation!A5 -> Bolivia | B5: =[1]Deforestation!B5 -> AEZ5 | C5: =[1]Deforestation!C5 -> ocr | D5: =[1]Deforestation!D5 -> Bolivia#AEZ5#ocr | E5: =_xlfn.IFNA(_xlfn.IFNA(VLOOKUP(D5,[2]Sheet1!$D:$E,2,FALSE),VLOOKUP(D5,[3]Sheet1!$D:$E,2,FALSE)),0) -> 5758.8076 | F5: =[1]Deforestation!E5 -> 820.32056 | G5: =IFERROR(IF((F5/E5)>1,1,F5/E5),0) -> 0.14244625
A6: =[1]Deforestation!A6 -> Argentina | B6: =[1]Deforestation!B6 -> AEZ5 | C6: =[1]Deforestation!C6 -> pfb | D6: =[1]Deforestation!D6 -> Argentina#AEZ5#pfb | E6: =_xlfn.IFNA(_xlfn.IFNA(VLOOKUP(D6,[2]Sheet1!$D:$E,2,FALSE),VLOOKUP(D6,[3]Sheet1!$D:$E,2,FALSE)),0) -> 3361.2054 | F6: =[1]Deforestation!E6 -> 37.360096 | G6: =IFERROR(IF((F6/E6)>1,1,F6/E6),0) -> 0.011115089
A7: =[1]Deforestation!A7 -> Paraguay | B7: =[1]Deforestation!B7 -> AEZ6 | C7: =[1]Deforestation!C7 -> osd | D7: =[1]Deforestation!D7 -> Paraguay#AEZ6#osd | E7: =_xlfn.IFNA(_xlfn.IFNA(VLOOKUP(D7,[2]Sheet1!$D:$E,2,FALSE),VLOOKUP(D7,[3]Sheet1!$D:$E,2,FALSE)),0) -> 401249.43 | F7: =[1]Deforestation!E7 -> 119171.13 | G7: =IFERROR(IF((F7/E7)>1,1,F7/E7),0) -> 0.29700013
A8: =[1]Deforestation!A8 -> Colombia | B8: =[1]Deforestation!B8 -> AEZ4 | C8: =[1]Deforestation!C8 -> gro | D8: =[1]Deforestation!D8 -> Colombia#AEZ4#gro | E8: =_xlfn.IFNA(_xlfn.IFNA(VLOOKUP(D8,[2]Sheet1!$D:$E,2,FALSE),VLOOKUP(D8,[3]Sheet1!$D:$E,2,FALSE)),0) -> 1895.9338 | F8: =[1]Deforestation!E8 -> 161.89856 | G8: =IFERROR(IF((F8/E8)>1,1,F8/E8),0) -> 0.085392515
A9: =[1]Deforestation!A9 -> Paraguay | B9: =[1]Deforestation!B9 -> AEZ2 | C9: =[1]Deforestation!C9 -> v_f | D9: =[1]Deforestation!D9 -> Paraguay#AEZ2#v_f | E9: =_xlfn.IFNA(_xlfn.IFNA(VLOOKUP(D9,[2]Sheet1!$D:$E,2,FALSE),VLOOKUP(D9,[3]Sheet1!$D:$E,2,FALSE)),0) -> 1.1524575 | F9: =[1]Deforestation!E9 -> 9900 | G9: =IFERROR(IF((F9/E9)>1,1,F9/E9),0) -> 1
A10: =[1]Deforestation!A10 -> Argentina | B10: =[1]Deforestation!B10 -> AEZ5 | C10: =[1]Deforestation!C10 -> gro | D10: =[1]Deforestation!D10 -> Argentina#AEZ5#gro | E10: =_xlfn.IFNA(_xlfn.IFNA(VLOOKUP(D10,[2]Sheet1!$D:$E,2,FALSE),VLOOKUP(D10,[3]Sheet1!$D:$E,2,FALSE)),0) -> 18921.44 | F10: =[1]Deforestation!E10 -> 161.82416 | G10: =IFERROR(IF((F10/E10)>1,1,F10/E10),0) -> 0.0085524232
A11: =[1]Deforestation!A11 -> Paraguay | B11: =[1]Deforestation!B11 -> AEZ10 | C11: =[1]Deforestation!C11 -> v_f | D11: =[1]Deforestation!D11 -> Paraguay#AEZ10#v_f | E11: =_xlfn.IFNA(_xlfn.IFNA(VLOOKUP(D11,[2]Sheet1!$D:$E,2,FALSE),VLOOKUP(D11,[3]Sheet1!$D:$E,2,FALSE)),0) -> 0 | F11: =[1]Deforestation!E11 -> 0 | G11: =IFERROR(IF((F11/E11)>1,1,F11/E11),0) -> 0
A12: =[1]Deforestation!A12 -> Angola | B12: =[1]Deforestation!B12 -> AEZ5 | C12: =[1]Deforestation!C12 -> pfb | D12: =[1]Deforestation!D12 -> Angola#AEZ5#pfb | E12: =_xlfn.IFNA(_xlfn.IFNA(VLOOKUP(D12,[2]Sheet1!$D:$E,2,FALSE),VLOOKUP(D12,[3]Sheet1!$D:$E,2,FALSE)),0) -> 315.54043 | F12: =[1]Deforestation!E12 -> 17.751423 | G12: =IFERROR(IF((F12/E12)>1,1,F12/E12),0) -> 0.056257207
A13: =[1]Deforestation!A13 -> Peru | B13: =[1]Deforestation!B13 -> AEZ5 | C13: =[1]Deforestation!C13 -> pdr | D13: =[1]Deforestation!D13 -> Peru#AEZ5#pdr | E13: =_xlfn.IFNA(_xlfn.IFNA(VLOOKUP(D13,[2]Sheet1!$D:$E,2,FALSE),VLOOKUP(D13,[3]Sheet1!$D:$E,2,FALSE)),0) -> 985.32001 | F13: =[1]Deforestation!E13 -> 70.947205 | G13: =IFERROR(IF((F13/E13)>1,1,F13/E13),0) -> 0.072004226
... A572: =[1]Deforestation!A572 -> Peru | B572: =[1]Deforestation!B572 -> AEZ12 | C572: =[1]Deforestation!C572 -> ctl | D572: =[1]Deforestation!D572 -> Peru#AEZ12#ctl | E572: =_xlfn.IFNA(_xlfn.IFNA(VLOOKUP(D572,[2]Sheet1!$D:$E,2,FALSE),VLOOKUP(D572,[3]Sheet1!$D:$E,2,FALSE)),0) -> 116700 | F572: =[1]Deforestation!E572 -> 84400 | G572: =IFERROR(IF((F572/E572)>1,1,F572/E572),0) -> 0.72322194
A573: =[1]Deforestation!A573 -> Argentina | B573: =[1]Deforestation!B573 -> AEZ15 | C573: =[1]Deforestation!C573 -> ctl | D573: =[1]Deforestation!D573 -> Argentina#AEZ15#ctl | E573: =_xlfn.IFNA(_xlfn.IFNA(VLOOKUP(D573,[2]Sheet1!$D:$E,2,FALSE),VLOOKUP(D573,[3]Sheet1!$D:$E,2,FALSE)),0) -> 1500 | F573: =[1]Deforestation!E573 -> 34600 | G573: =IFERROR(IF((F573/E573)>1,1,F573/E573),0) -> 1 | O573: =2880900/8 -> 360112.5
A574: =[1]Deforestation!A574 -> Bolivia | B574: =[1]Deforestation!B574 -> AEZ9 | C574: =[1]Deforestation!C574 -> ctl | D574: =[1]Deforestation!D574 -> Bolivia#AEZ9#ctl | E574: =_xlfn.IFNA(_xlfn.IFNA(VLOOKUP(D574,[2]Sheet1!$D:$E,2,FALSE),VLOOKUP(D574,[3]Sheet1!$D:$E,2,FALSE)),0) -> 0 | F574: =[1]Deforestation!E574 -> 3700 | G574: =IFERROR(IF((F574/E574)>1,1,F574/E574),0) -> 0
A575: =[1]Deforestation!A575 -> Paraguay | B575: =[1]Deforestation!B575 -> AEZ5 | C575: =[1]Deforestation!C575 -> ctl | D575: =[1]Deforestation!D575 -> Paraguay#AEZ5#ctl | E575: =_xlfn.IFNA(_xlfn.IFNA(VLOOKUP(D575,[2]Sheet1!$D:$E,2,FALSE),VLOOKUP(D575,[3]Sheet1!$D:$E,2,FALSE)),0) -> 11500 | F575: =[1]Deforestation!E575 -> 18100 | G575: =IFERROR(IF((F575/E575)>1,1,F575/E575),0) -> 1
A576: =[1]Deforestation!A576 -> Argentina | B576: =[1]Deforestation!B576 -> AEZ12 | C576: =[1]Deforestation!C576 -> ctl | D576: =[1]Deforestation!D576 -> Argentina#AEZ12#ctl | E576: =_xlfn.IFNA(_xlfn.IFNA(VLOOKUP(D576,[2]Sheet1!$D:$E,2,FALSE),VLOOKUP(D576,[3]Sheet1!$D:$E,2,FALSE)),0) -> 0 | F576: =[1]Deforestation!E576 -> 36300 | G576: =IFERROR(IF((F576/E576)>1,1,F576/E576),0) -> 0
A577: =[1]Deforestation!A577 -> Ghana | B577: =[1]Deforestation!B577 -> AEZ6 | C577: =[1]Deforestation!C577 -> ctl | D577: =[1]Deforestation!D577 -> Ghana#AEZ6#ctl | E577: =_xlfn.IFNA(_xlfn.IFNA(VLOOKUP(D577,[2]Sheet1!$D:$E,2,FALSE),VLOOKUP(D577,[3]Sheet1!$D:$E,2,FALSE)),0) -> 5300 | F577: =[1]Deforestation!E577 -> 7700 | G577: =IFERROR(IF((F577/E577)>1,1,F577/E577),0) -> 1
A578: =[1]Deforestation!A578 -> Brazil | B578: =[1]Deforestation!B578 -> AEZ6 | C578: =[1]Deforestation!C578 -> ctl | D578: =[1]Deforestation!D578 -> Brazil#AEZ6#ctl | E578: =_xlfn.IFNA(_xlfn.IFNA(VLOOKUP(D578,[2]Sheet1!$D:$E,2,FALSE),VLOOKUP(D578,[3]Sheet1!$D:$E,2,FALSE)),0) -> 1679200 | F578: =[1]Deforestation!E578 -> 1433500 | G578: =IFERROR(IF((F578/E578)>1,1,F578/E578),0) -> 0.85368032
A579: =[1]Deforestation!A579 -> Bolivia | B579: =[1]Deforestation!B579 -> AEZ11 | C579: =[1]Deforestation!C579 -> ctl | D579: =[1]Deforestation!D579 -> Bolivia#AEZ11#ctl | E579: =_xlfn.IFNA(_xlfn.IFNA(VLOOKUP(D579,[2]Sheet1!$D:$E,2,FALSE),VLOOKUP(D579,[3]Sheet1!$D:$E,2,FALSE)),0) -> 9900 | F579: =[1]Deforestation!E579 -> 20200 | G579: =IFERROR(IF((F579/E579)>1,1,F579/E579),0) -> 1
A580: =[1]Deforestation!A580 -> Argentina | B580: =[1]Deforestation!B580 -> AEZ9 | C580: =[1]Deforestation!C580 -> ctl | D580: =[1]Deforestation!D580 -> Argentina#AEZ9#ctl | E580: =_xlfn.IFNA(_xlfn.IFNA(VLOOKUP(D580,[2]Sheet1!$D:$E,2,FALSE),VLOOKUP(D580,[3]Sheet1!$D:$E,2,FALSE)),0) -> 0 | F580: =[1]Deforestation!E580 -> 24500 | G580: =IFERROR(IF((F580/E580)>1,1,F580/E580),0) -> 0
A581: =[1]Deforestation!A581 -> Peru | B581: =[1]Deforestation!B581 -> AEZ9 | C581: =[1]Deforestation!C581 -> ctl | D581: =[1]Deforestation!D581 -> Peru#AEZ9#ctl | E581: =_xlfn.IFNA(_xlfn.IFNA(VLOOKUP(D581,[2]Sheet1!$D:$E,2,FALSE),VLOOKUP(D581,[3]Sheet1!$D:$E,2,FALSE)),0) -> 14900 | F581: =[1]Deforestation!E581 -> 6300 | G581: =IFERROR(IF((F581/E581)>1,1,F581/E581),0) -> 0.42281879
A582: =[1]Deforestation!A582 -> Indonesia | B582: =[1]Deforestation!B582 -> AEZ6 | C582: =[1]Deforestation!C582 -> ctl | D582: =[1]Deforestation!D582 -> Indonesia#AEZ6#ctl | E582: =_xlfn.IFNA(_xlfn.IFNA(VLOOKUP(D582,[2]Sheet1!$D:$E,2,FALSE),VLOOKUP(D582,[3]Sheet1!$D:$E,2,FALSE)),0) -> 137000 | F582: =[1]Deforestation!E582 -> 546400 | G582: =IFERROR(IF((F582/E582)>1,1,F582/E582),0) -> 1
A583: =[1]Deforestation!A583 -> Colombia | B583: =[1]Deforestation!B583 -> AEZ6 | C583: =[1]Deforestation!C583 -> ctl | D583: =[1]Deforestation!D583 -> Colombia#AEZ6#ctl | E583: =_xlfn.IFNA(_xlfn.IFNA(VLOOKUP(D583,[2]Sheet1!$D:$E,2,FALSE),VLOOKUP(D583,[3]Sheet1!$D:$E,2,FALSE)),0) -> 1657900 | F583: =[1]Deforestation!E583 -> 444000 | G583: =IFERROR(IF((F583/E583)>1,1,F583/E583),0) -> 0.26780867
A584: =[1]Deforestation!A584 -> Ghana | B584: =[1]Deforestation!B584 -> AEZ4 | C584: =[1]Deforestation!C584 -> ctl | D584: =[1]Deforestation!D584 -> Ghana#AEZ4#ctl | E584: =_xlfn.IFNA(_xlfn.IFNA(VLOOKUP(D584,[2]Sheet1!$D:$E,2,FALSE),VLOOKUP(D584,[3]Sheet1!$D:$E,2,FALSE)),0) -> 29700 | F584: =[1]Deforestation!E584 -> 11100 | G584: =IFERROR(IF((F584/E584)>1,1,F584/E584),0) -> 0.37373737
A585: =[1]Deforestation!A585 -> DRC | B585: =[1]Deforestation!B585 -> AEZ11 | C585: =[1]Deforestation!C585 -> ctl | D585: =[1]Deforestation!D585 -> DRC#AEZ11#ctl | E585: =_xlfn.IFNA(_xlfn.IFNA(VLOOKUP(D585,[2]Sheet1!$D:$E,2,FALSE),VLOOKUP(D585,[3]Sheet1!$D:$E,2,FALSE)),0) -> 600 | F585: =[1]Deforestation!E585 -> 2000 | G585: =IFERROR(IF((F585/E585)>1,1,F585/E585),0) -> 1
... A587: =[1]Deforestation!A587 -> Argentina | B587: =[1]Deforestation!B587 -> AEZ14 | C587: =[1]Deforestation!C587 -> ctl | D587: =[1]Deforestation!D587 -> Argentina#AEZ14#ctl | E587: =_xlfn.IFNA(_xlfn.IFNA(VLOOKUP(D587,[2]Sheet1!$D:$E,2,FALSE),VLOOKUP(D587,[3]Sheet1!$D:$E,2,FALSE)),0) -> 0 | F587: =[1]Deforestation!E587 -> 2000 | G587: =IFERROR(IF((F587/E587)>1,1,F587/E587),0) -> 0

Sheet Land_Cover
A1: =[4]Land_Cover!A1 -> year | B1: =[4]Land_Cover!B1 -> country | C1: =[4]Land_Cover!C1 -> AEZ | D1: =[4]Land_Cover!D1 -> Name | E1: =[4]Land_Cover!E1 -> ID | F1: =[4]Land_Cover!F1 -> FAO_Annual_Coverage
A2: =[4]Land_Cover!A2 -> 2015 | B2: =[4]Land_Cover!B2 -> Colombia | C2: =[4]Land_Cover!C2 -> AEZ12 | D2: =[4]Land_Cover!D2 -> wht | E2: =[4]Land_Cover!E2 -> Colombia#AEZ12#wht | F2: =[4]Land_Cover!F2 -> 2842.7372
A3: =[4]Land_Cover!A3 -> 2012 | B3: =[4]Land_Cover!B3 -> DRC | C3: =[4]Land_Cover!C3 -> AEZ8 | D3: =[4]Land_Cover!D3 -> pdr | E3: =[4]Land_Cover!E3 -> DRC#AEZ8#pdr | F3: =[4]Land_Cover!F3 -> 90.10576
A4: =[4]Land_Cover!A4 -> 2017 | B4: =[4]Land_Cover!B4 -> Paraguay | C4: =[4]Land_Cover!C4 -> AEZ4 | D4: =[4]Land_Cover!D4 -> v_f | E4: =[4]Land_Cover!E4 -> Paraguay#AEZ4#v_f | F4: =[4]Land_Cover!F4 -> 1076.0358
A5: =[4]Land_Cover!A5 -> 2010 | B5: =[4]Land_Cover!B5 -> Ghana | C5: =[4]Land_Cover!C5 -> AEZ2 | D5: =[4]Land_Cover!D5 -> pdr | E5: =[4]Land_Cover!E5 -> Ghana#AEZ2#pdr | F5: =[4]Land_Cover!F5 -> 1702.9687
A6: =[4]Land_Cover!A6 -> 2015 | B6: =[4]Land_Cover!B6 -> Ivory Coast | C6: =[4]Land_Cover!C6 -> AEZ6 | D6: =[4]Land_Cover!D6 -> ocr | E6: =[4]Land_Cover!E6 -> Ivory Coast#AEZ6#ocr | F6: =[4]Land_Cover!F6 -> 1363972.4
A7: =[4]Land_Cover!A7 -> 2017 | B7: =[4]Land_Cover!B7 -> Bolivia | C7: =[4]Land_Cover!C7 -> AEZ4 | D7: =[4]Land_Cover!D7 -> c_b | E7: =[4]Land_Cover!E7 -> Bolivia#AEZ4#c_b | F7: =[4]Land_Cover!F7 -> 10442.817
A8: =[4]Land_Cover!A8 -> 2015 | B8: =[4]Land_Cover!B8 -> Argentina | C8: =[4]Land_Cover!C8 -> AEZ12 | D8: =[4]Land_Cover!D8 -> gro | E8: =[4]Land_Cover!E8 -> Argentina#AEZ12#gro | F8: =[4]Land_Cover!F8 -> 4541644.9
A9: =[4]Land_Cover!A9 -> 2014 | B9: =[4]Land_Cover!B9 -> Colombia | C9: =[4]Land_Cover!C9 -> AEZ4 | D9: =[4]Land_Cover!D9 -> wht | E9: =[4]Land_Cover!E9 -> Colombia#AEZ4#wht | F9: =[4]Land_Cover!F9 -> 48.043796
A10: =[4]Land_Cover!A10 -> 2017 | B10: =[4]Land_Cover!B10 -> Indonesia | C10: =[4]Land_Cover!C10 -> AEZ5 | D10: =[4]Land_Cover!D10 -> pfb | E10: =[4]Land_Cover!E10 -> Indonesia#AEZ5#pfb | F10: =[4]Land_Cover!F10 -> 563.98746
A11: =[4]Land_Cover!A11 -> 2012 | B11: =[4]Land_Cover!B11 -> Bolivia | C11: =[4]Land_Cover!C11 -> AEZ4 | D11: =[4]Land_Cover!D11 -> pfb | E11: =[4]Land_Cover!E11 -> Bolivia#AEZ4#pfb | F11: =[4]Land_Cover!F11 -> 262.00873
A12: =[4]Land_Cover!A12 -> 2012 | B12: =[4]Land_Cover!B12 -> Brazil | C12: =[4]Land_Cover!C12 -> AEZ1 | D12: =[4]Land_Cover!D12 -> pdr | E12: =[4]Land_Cover!E12 -> Brazil#AEZ1#pdr | F12: =[4]Land_Cover!F12 -> 310.4706
... A6229: =[4]Land_Cover!A6229 -> 2018 | B6229: =[4]Land_Cover!B6229 -> DRC | C6229: =[4]Land_Cover!C6229 -> AEZ6 | D6229: =[4]Land_Cover!D6229 -> pdr | E6229: =[4]Land_Cover!E6229 -> DRC#AEZ6#pdr | F6229: =[4]Land_Cover!F6229 -> 292493.87
A6230: =[5]Land_Cover!A2 -> 2015 | B6230: =[5]Land_Cover!B2 -> Brazil | C6230: =[5]Land_Cover!C2 -> AEZ1 | D6230: =[5]Land_Cover!D2 -> ctl | E6230: =[5]Land_Cover!E2 -> Brazil#AEZ1#ctl | F6230: =[5]Land_Cover!F2 -> 231100
A6231: =[5]Land_Cover!A3 -> 2016 | B6231: =[5]Land_Cover!B3 -> Bolivia | C6231: =[5]Land_Cover!C3 -> AEZ11 | D6231: =[5]Land_Cover!D3 -> ctl | E6231: =[5]Land_Cover!E3 -> Bolivia#AEZ11#ctl | F6231: =[5]Land_Cover!F3 -> 874600
A6232: =[5]Land_Cover!A4 -> 2010 | B6232: =[5]Land_Cover!B4 -> Brazil | C6232: =[5]Land_Cover!C4 -> AEZ6 | D6232: =[5]Land_Cover!D4 -> ctl | E6232: =[5]Land_Cover!E4 -> Brazil#AEZ6#ctl | F6232: =[5]Land_Cover!F4 -> 27417300
A6233: =[5]Land_Cover!A5 -> 2010 | B6233: =[5]Land_Cover!B5 -> Angola | C6233: =[5]Land_Cover!C5 -> AEZ9 | D6233: =[5]Land_Cover!D5 -> ctl | E6233: =[5]Land_Cover!E5 -> Angola#AEZ9#ctl | F6233: =[5]Land_Cover!F5 -> 1623100
A6234: =[5]Land_Cover!A6 -> 2017 | B6234: =[5]Land_Cover!B6 -> Brazil | C6234: =[5]Land_Cover!C6 -> AEZ11 | D6234: =[5]Land_Cover!D6 -> ctl | E6234: =[5]Land_Cover!E6 -> Brazil#AEZ11#ctl | F6234: =[5]Land_Cover!F6 -> 660000
A6235: =[5]Land_Cover!A7 -> 2010 | B6235: =[5]Land_Cover!B7 -> Peru | C6235: =[5]Land_Cover!C7 -> AEZ11 | D6235: =[5]Land_Cover!D7 -> ctl | E6235: =[5]Land_Cover!E7 -> Peru#AEZ11#ctl | F6235: =[5]Land_Cover!F7 -> 4051900
A6236: =[5]Land_Cover!A8 -> 2011 | B6236: =[5]Land_Cover!B8 -> Colombia | C6236: =[5]Land_Cover!C8 -> AEZ8 | D6236: =[5]Land_Cover!D8 -> ctl | E6236: =[5]Land_Cover!E8 -> Colombia#AEZ8#ctl | F6236: =[5]Land_Cover!F8 -> 500
A6237: =[5]Land_Cover!A9 -> 2013 | B6237: =[5]Land_Cover!B9 -> Bolivia | C6237: =[5]Land_Cover!C9 -> AEZ5 | D6237: =[5]Land_Cover!D9 -> ctl | E6237: =[5]Land_Cover!E9 -> Bolivia#AEZ5#ctl | F6237: =[5]Land_Cover!F9 -> 3086400
A6238: =[5]Land_Cover!A10 -> 2018 | B6238: =[5]Land_Cover!B10 -> Paraguay | C6238: =[5]Land_Cover!C10 -> AEZ12 | D6238: =[5]Land_Cover!D10 -> ctl | E6238: =[5]Land_Cover!E10 -> Paraguay#AEZ12#ctl | F6238: =[5]Land_Cover!F10 -> 3796400
A6239: =[5]Land_Cover!A11 -> 2011 | B6239: =[5]Land_Cover!B11 -> Paraguay | C6239: =[5]Land_Cover!C11 -> AEZ6 | D6239: =[5]Land_Cover!D11 -> ctl | E6239: =[5]Land_Cover!E11 -> Paraguay#AEZ6#ctl | F6239: =[5]Land_Cover!F11 -> 3582500
A6240: =[5]Land_Cover!A12 -> 2017 | B6240: =[5]Land_Cover!B12 -> Angola | C6240: =[5]Land_Cover!C12 -> AEZ8 | D6240: =[5]Land_Cover!D12 -> ctl | E6240: =[5]Land_Cover!E12 -> Angola#AEZ8#ctl | F6240: =[5]Land_Cover!F12 -> 260100
A6241: =[5]Land_Cover!A13 -> 2017 | B6241: =[5]Land_Cover!B13 -> Bolivia | C6241: =[5]Land_Cover!C13 -> AEZ3 | D6241: =[5]Land_Cover!D13 -> ctl | E6241: =[5]Land_Cover!E13 -> Bolivia#AEZ3#ctl | F6241: =[5]Land_Cover!F13 -> 84300
... A7082: =[5]Land_Cover!A854 -> 2018 | B7082: =[5]Land_Cover!B854 -> Peru | C7082: =[5]Land_Cover!C854 -> AEZ10 | D7082: =[5]Land_Cover!D854 -> ctl | E7082: =[5]Land_Cover!E854 -> Peru#AEZ10#ctl | F7082: =[5]Land_Cover!F854 -> 4081000

Sheet Land_Cover_MIN_MAX
A1: ID | B1: HILDA_Land_Cover_MIN_Ha | C1: HILDA_Land_Cover_MAX_Ha
A2: Angola#AEZ1#c_b | B2: =_xlfn.MINIFS(Land_Cover!F:F,Land_Cover!E:E,A2) -> 46.420672 | C2: =_xlfn.MAXIFS(Land_Cover!F:F,Land_Cover!E:E,A2) -> 67.782946
A3: Angola#AEZ10#c_b | B3: =_xlfn.MINIFS(Land_Cover!F:F,Land_Cover!E:E,A3) -> 615.0739 | C3: =_xlfn.MAXIFS(Land_Cover!F:F,Land_Cover!E:E,A3) -> 898.12403
A4: Angola#AEZ11#c_b | B4: =_xlfn.MINIFS(Land_Cover!F:F,Land_Cover!E:E,A4) -> 17.407752 | C4: =_xlfn.MAXIFS(Land_Cover!F:F,Land_Cover!E:E,A4) -> 25.418605
A5: Angola#AEZ12#c_b | B5: =_xlfn.MINIFS(Land_Cover!F:F,Land_Cover!E:E,A5) -> 0 | C5: =_xlfn.MAXIFS(Land_Cover!F:F,Land_Cover!E:E,A5) -> 0
A6: Angola#AEZ13#c_b | B6: =_xlfn.MINIFS(Land_Cover!F:F,Land_Cover!E:E,A6) -> 0 | C6: =_xlfn.MAXIFS(Land_Cover!F:F,Land_Cover!E:E,A6) -> 0
A7: Angola#AEZ14#c_b | B7: =_xlfn.MINIFS(Land_Cover!F:F,Land_Cover!E:E,A7) -> 0 | C7: =_xlfn.MAXIFS(Land_Cover!F:F,Land_Cover!E:E,A7) -> 0
A8: Angola#AEZ15#c_b | B8: =_xlfn.MINIFS(Land_Cover!F:F,Land_Cover!E:E,A8) -> 0 | C8: =_xlfn.MAXIFS(Land_Cover!F:F,Land_Cover!E:E,A8) -> 0
A9: Angola#AEZ16#c_b | B9: =_xlfn.MINIFS(Land_Cover!F:F,Land_Cover!E:E,A9) -> 0 | C9: =_xlfn.MAXIFS(Land_Cover!F:F,Land_Cover!E:E,A9) -> 0
A10: Angola#AEZ17#c_b | B10: =_xlfn.MINIFS(Land_Cover!F:F,Land_Cover!E:E,A10) -> 0 | C10: =_xlfn.MAXIFS(Land_Cover!F:F,Land_Cover!E:E,A10) -> 0
A11: Angola#AEZ18#c_b | B11: =_xlfn.MINIFS(Land_Cover!F:F,Land_Cover!E:E,A11) -> 0 | C11: =_xlfn.MAXIFS(Land_Cover!F:F,Land_Cover!E:E,A11) -> 0
A12: Angola#AEZ2#c_b | B12: =_xlfn.MINIFS(Land_Cover!F:F,Land_Cover!E:E,A12) -> 197.28786 | C12: =_xlfn.MAXIFS(Land_Cover!F:F,Land_Cover!E:E,A12) -> 288.07752
A13: Angola#AEZ3#c_b | B13: =_xlfn.MINIFS(Land_Cover!F:F,Land_Cover!E:E,A13) -> 1421.6331 | C13: =_xlfn.MAXIFS(Land_Cover!F:F,Land_Cover!E:E,A13) -> 2075.8527
... A1945: DRC#AEZ9#wht | B1945: =_xlfn.MINIFS(Land_Cover!F:F,Land_Cover!E:E,A1945) -> 8.0472813 | C1945: =_xlfn.MAXIFS(Land_Cover!F:F,Land_Cover!E:E,A1945) -> 11.015366

Sheet GTAP_area
A1: ID | B1: Country | C1: Crops | D1: AEZ | E1: GTAP 2014 Harvested Area (KHa) | F1: Value Ha
A2: =_xlfn.CONCAT(B2,"#",D2,"#",C2) -> Angola#AEZ1#c_b | B2: Angola | C2: c_b | D2: AEZ1 | E2: 0.08 | F2: =E2*1000 -> 80
A3: =_xlfn.CONCAT(B3,"#",D3,"#",C3) -> Angola#AEZ2#c_b | B3: Angola | C3: c_b | D3: AEZ2 | E3: 0.34 | F3: =E3*1000 -> 340
A4: =_xlfn.CONCAT(B4,"#",D4,"#",C4) -> Angola#AEZ3#c_b | B4: Angola | C4: c_b | D4: AEZ3 | E4: 2.45 | F4: =E4*1000 -> 2450
A5: =_xlfn.CONCAT(B5,"#",D5,"#",C5) -> Angola#AEZ4#c_b | B5: Angola | C5: c_b | D5: AEZ4 | E5: 10.3 | F5: =E5*1000 -> 10300
A6: =_xlfn.CONCAT(B6,"#",D6,"#",C6) -> Angola#AEZ5#c_b | B6: Angola | C6: c_b | D6: AEZ5 | E6: 5.09 | F6: =E6*1000 -> 5090
A7: =_xlfn.CONCAT(B7,"#",D7,"#",C7) -> Angola#AEZ6#c_b | B7: Angola | C7: c_b | D7: AEZ6 | E7: 0 | F7: =E7*1000 -> 0
A8: =_xlfn.CONCAT(B8,"#",D8,"#",C8) -> Angola#AEZ7#c_b | B8: Angola | C8: c_b | D8: AEZ7 | E8: 0 | F8: =E8*1000 -> 0
A9: =_xlfn.CONCAT(B9,"#",D9,"#",C9) -> Angola#AEZ8#c_b | B9: Angola | C9: c_b | D9: AEZ8 | E9: 0 | F9: =E9*1000 -> 0
A10: =_xlfn.CONCAT(B10,"#",D10,"#",C10) -> Angola#AEZ9#c_b | B10: Angola | C10: c_b | D10: AEZ9 | E10: 0 | F10: =E10*1000 -> 0
A11: =_xlfn.CONCAT(B11,"#",D11,"#",C11) -> Angola#AEZ10#c_b | B11: Angola | C11: c_b | D11: AEZ10 | E11: 1.06 | F11: =E11*1000 -> 1060
A12: =_xlfn.CONCAT(B12,"#",D12,"#",C12) -> Angola#AEZ11#c_b | B12: Angola | C12: c_b | D12: AEZ11 | E12: 0.03 | F12: =E12*1000 -> 30
A13: =_xlfn.CONCAT(B13,"#",D13,"#",C13) -> Angola#AEZ12#c_b | B13: Angola | C13: c_b | D13: AEZ12 | E13: 0 | F13: =E13*1000 -> 0
... A6805: =_xlfn.CONCAT(B6805,"#",D6805,"#",C6805) -> Mozambique#AEZ18#ctl | B6805: Mozambique | C6805: ctl | D6805: AEZ18 | E6805: 0 | F6805: =E6805*1000 -> 0

Sheet Sheet3
A3: Sum of Coef. GTAP | B3: Column Labels
A4: Row Labels | B4: c_b | C4: ctl | D4: gro | E4: ocr | F4: osd | G4: pdr | H4: pfb | I4: v_f | J4: wht | K4: (blank) | L4: Grand Total
A5: Argentina | B5: 0.98698483 | C5: 3 | D5: 1.3271709 | E5: 1.2604854 | F5: 1.3058881 | G5: 0.36575447 | H5: 1.2126515 | I5: 0.41549425 | J5: 0.71576854 | L5: 10.590198
A6: AEZ10 | B6: 0.12697056 | C6: 0 | D6: 0.12456732 | E6: 0.16629647 | F6: 0.12796852 | G6: 0.24124632 | H6: 0.16423189 | I6: 0.03637 | J6: 0.062655819 | L6: 1.0503069
A7: AEZ11 | B7: 0.028520055 | C7: 0 | D7: 0.026165594 | E7: 0.032499219 | F7: 0.024622509 | G7: 0.040948827 | H7: 0.030987746 | I7: 0.01192 | J7: 0.017235959 | L7: 0.21289991
A8: AEZ12 | B8: 0.0030426402 | C8: 0 | D8: 0.002192635 | E8: 0.0023504363 | F8: 0.002497589 | G8: 0.003311598 | H8: 0.0028167032 | I8: 0.0016391487 | J8: 0.0015688205 | L8: 0.019419571
A9: AEZ14 | C9: 0 | L9: 0
A10: AEZ15 | B10: 0 | C10: 1 | D10: 0.12562473 | E10: 0 | F10: 0.13616829 | G10: 0 | H10: 0 | I10: 0.026944703 | J10: 0.066360358 | L10: 1.3550981
A11: AEZ16 | B11: 0 | C11: 1 | D11: 0.22388285 | E11: 0 | F11: 0.21517194 | G11: 0 | H11: 0 | I11: 0.074306466 | J11: 0.10486206 | L11: 1.6182233
A12: AEZ4 | B12: 0.59582047 | C12: 0 | D12: 0.56875111 | E12: 0.71377662 | F12: 0.55082453 | G12: 0 | H12: 0.70103175 | I12: 0.17546635 | J12: 0.30576719 | L12: 3.611438
A13: AEZ5 | B13: 0.0095566583 | C13: 1 | D13: 0.0085524232 | E13: 0.010904969 | F13: 0.0085979921 | G13: 0.016101235 | H13: 0.011115089 | I13: 0.002476916 | J13: 0.0041901518 | L13: 1.0714954
A14: AEZ7 | B14: 0.047155261 | D14: 0.053103055 | E14: 0.068917627 | F14: 0.037500693 | G14: 0.051917336 | H14: 0.045906234 | I14: 0.032489797 | J14: 0.053296677 | L14: 0.39028668
A15: AEZ8 | B15: 0 | C15: 0 | D15: 0.0061723516 | E15: 0.0084428521 | F15: 0.0063403637 | G15: 0.012229164 | H15: 0.0081965302 | I15: 0.0016584522 | J15: 0.0030899175 | L15: 0.046129631
A16: AEZ9 | B16: 0.17591918 | C16: 0 | D16: 0.18815882 | E16: 0.25729722 | F16: 0.19619566 | G16: 0 | H16: 0.24836554 | I16: 0.052222414 | J16: 0.096741583 | L16: 1.2149004
A17: Bolivia | B17: 2.1337321 | C17: 7 | D17: 1.5892098 | E17: 1.676427 | F17: 1.887742 | G17: 1.6532269 | H17: 2.0208781 | I17: 2.4761722 | J17: 1.8063072 | L17: 22.243695
A18: AEZ10 | B18: 0.0080833443 | C18: 1 | D18: 0.0038949992 | E18: 0.0014543762 | F18: 0.0047079945 | G18: 0.0029020159 | H18: 0.0080792899 | I18: 0.0011725803 | J18: 0.0059926665 | L18: 1.0362873
A19: AEZ11 | C19: 1 | L19: 1
A20: AEZ12 | C20: 1 | L20: 1
A21: AEZ3 | B21: 0 | C21: 1 | D21: 0 | E21: 0 | F21: 0 | G21: 0 | H21: 0 | I21: 1 | J21: 0 | L21: 2
A22: AEZ4 | B22: 1 | C22: 1 | D22: 0.90674071 | E22: 0.86097321 | F22: 1 | G22: 1 | H22: 1 | I22: 0.82246753 | J22: 1 | L22: 8.5901815
A23: AEZ5 | B23: 0.27188611 | C23: 1 | D23: 0.15584769 | E23: 0.14244625 | F23: 0.1981953 | G23: 0.18082445 | H23: 0.2626485 | I23: 0.13291272 | J23: 0.22855515 | L23: 2.5733162
A24: AEZ6 | B24: 0.85376269 | C24: 1 | D24: 0.5227264 | E24: 0.67155319 | F24: 0.68483868 | G24: 0.46950041 | H24: 0.75015035 | I24: 0.51961935 | J24: 0.57175934 | L24: 6.0439104
A25: AEZ9 | C25: 0 | L25: 0
A26: Brazil | B26: 0.27207879 | C26: 4.0372161 | D26: 0.29909935 | E26: 0.23990305 | F26: 0.34991484 | G26: 0.29717519 | H26: 0.2249092 | I26: 0.30187454 | J26: 0.39182719 | L26: 6.4139982
A27: AEZ11 | B27: 0.017036242 | C27: 0.15789474 | D27: 0.010825383 | E27: 0.0066717282 | F27: 0.016116594 | G27: 0.0035732709 | H27: 0.008252087 | I27: 0.017699467 | J27: 0.025351405 | L27: 0.26342091
A28: AEZ12 | B28: 0.066629267 | C28: 1 | D28: 0.062325577 | E28: 0.051102061 | F28: 0.088409329 | G28: 0.052084297 | H28: 0.045561629 | I28: 0.079222777 | J28: 0.1078766 | L28: 1.5532115
A29: AEZ3 | B29: 0.015211084 | C29: 0.025641026 | D29: 0.0035223403 | E29: 0.019090677 | F29: 0.0058209552 | G29: 0.011427724 | H29: 0.011187716 | I29: 0.014681807 | J29: 0.002935345 | L29: 0.10951867
A30: AEZ4 | B30: 0.021570067 | C30: 1 | D30: 0.016890063 | E30: 0.023408285 | F30: 0.016967872 | G30: 0.018646067 | H30: 0.018927147 | I30: 0.020360606 | J30: 0.015896077 | L30: 1.1526662
A31: AEZ5 | B31: 0.12032318 | C31: 1 | D31: 0.17533508 | E31: 0.10540351 | F31: 0.19225335 | G31: 0.17521661 | H31: 0.11050943 | I31: 0.13779944 | J31: 0.20749235 | L31: 2.224333
A32: AEZ6 | B32: 0.031308957 | C32: 0.85368032 | D32: 0.030200903 | E32: 0.034226791 | F32: 0.030346739 | G32: 0.036227216 | H32: 0.030471186 | I32: 0.032110444 | J32: 0.032275411 | L32: 1.110848
A33: Paraguay | B33: 1.7156515 | C33: 2.9574468 | D33: 1.9084619 | E33: 2.0206103 | F33: 1.8609433 | G33: 1.8349962 | H33: 0.72167202 | I33: 3.8731749 | J33: 1.6205249 | L33: 18.513482
A34: AEZ10 | B34: 0 | D34: 0 | E34: 0 | F34: 0 | G34: 0 | H34: 0 | I34: 0 | J34: 0 | L34: 0
A35: AEZ12 | B35: 0.23490287 | C35: 0 | D35: 0.31688231 | E35: 0.31767066 | F35: 0.32351088 | G35: 0.28705026 | H35: 0.2538826 | I35: 0.29574281 | J35: 0.17709191 | L35: 2.2067343
A36: AEZ2 | B36: 0 | D36: 0 | E36: 0 | F36: 0 | G36: 0 | H36: 0 | I36: 1 | J36: 0 | L36: 1
A37: AEZ3 | B37: 0 | D37: 0 | E37: 0 | F37: 0 | G37: 0 | H37: 0 | I37: 1 | J37: 0 | L37: 1
A38: AEZ4 | B38: 1 | C38: 1 | D38: 1 | E38: 1 | F38: 1 | G38: 1 | H38: 0 | I38: 1 | J38: 1 | L38: 8
A39: AEZ5 | B39: 0.20582673 | C39: 1 | D39: 0.31151924 | E39: 0.40509664 | F39: 0.24043228 | G39: 0.27346993 | H39: 0.20321707 | I39: 0.27376353 | J39: 0.23176086 | L39: 3.1450863
A40: AEZ6 | B40: 0.27492194 | C40: 0.95744681 | D40: 0.28006036 | E40: 0.29784302 | F40: 0.29700013 | G40: 0.27447603 | H40: 0.26457235 | I40: 0.30366853 | J40: 0.21167211 | L40: 3.1616613
A41: (blank)
A42: (blank)
A43: Colombia | B43: 0.39234371 | C43: 0.44462819 | D43: 0.5561961 | E43: 0.53860105 | F43: 0.47880486 | G43: 0.53395952 | H43: 0.37904706 | I43: 0.51917537 | J43: 0.49067948 | L43: 4.3334354
A44: AEZ12 | B44: 0.071116738 | C44: 0.16824197 | D44: 0.094632443 | E44: 0.11279258 | F44: 0.1008927 | G44: 0.11896997 | H44: 0.062536903 | I44: 0.10771308 | J44: 0.11856992 | L44: 0.95546629
A45: AEZ4 | B45: 0.034460717 | D45: 0.085392515 | E45: 0.036772281 | F45: 0.042742443 | G45: 0.042670486 | H45: 0.05538957 | I45: 0.03911738 | J45: 0.029256183 | L45: 0.36580157
A46: AEZ5 | B46: 0.14610344 | C46: 0.0085775554 | D46: 0.16418123 | E46: 0.18338899 | F46: 0.1523081 | G46: 0.15561441 | H46: 0.11276004 | I46: 0.16981339 | J46: 0.14462692 | L46: 1.2373741
A47: AEZ6 | B47: 0.14066282 | C47: 0.26780867 | D47: 0.21198992 | E47: 0.20564721 | F47: 0.18286162 | G47: 0.21670465 | H47: 0.14836055 | I47: 0.20253152 | J47: 0.19822646 | L47: 1.7747934
A48: Peru | B48: 1.1976215 | C48: 6.4383429 | D48: 1.1666946 | E48: 1.1936117 | F48: 1.197702 | G48: 1.1890331 | H48: 1.2374793 | I48: 1.1205934 | J48: 1.2144342 | L48: 15.955513
A49: AEZ1 | B49: 0.02932429 | D49: 0.0281106 | E49: 0.031236508 | F49: 0.028203899 | G49: 0.025914257 | H49: 0.0171906 | I49: 0.027204828 | J49: 0.021676364 | L49: 0.20886135
A50: AEZ10 | B50: 0.013182353 | C50: 1 | D50: 0.014166487 | E50: 0.020802385 | F50: 0.019270803 | G50: 0.020804326 | H50: 0.016691304 | I50: 0.01267833 | J50: 0.019828578 | L50: 1.1374246
A51: AEZ11 | B51: 0.016639205 | C51: 0.81681682 | D51: 0.012582183 | E51: 0.017147776 | F51: 0.01656754 | G51: 0.016160623 | H51: 0.015355911 | I51: 0.012696034 | J51: 0.018422709 | L51: 0.9423888
A52: AEZ12 | B52: 0.047702786 | C52: 0.72322194 | D52: 0.040861541 | E52: 0.051192104 | F52: 0.046778224 | G52: 0.04619127 | H52: 0.040107957 | I52: 0.040499845 | J52: 0.050160554 | L52: 1.0867162
A53: AEZ3 | C53: 1 | L53: 1
A54: AEZ4 | C54: 1 | L54: 1
A55: AEZ5 | B55: 0.082417909 | C55: 0.75609756 | D55: 0.069517962 | E55: 0.064009203 | F55: 0.078882594 | G55: 0.072004226 | H55: 0.1436388 | I55: 0.075484721 | J55: 0.096536136 | L55: 1.4385891
A56: AEZ6 | B56: 1 | C56: 0.71938776 | D56: 0.99689674 | E56: 1 | F56: 1 | G56: 1 | H56: 1 | I56: 0.94723872 | J56: 1 | L56: 8.6635232
A57: AEZ7 | B57: 0.0024551977 | D57: 0.0013397263 | E57: 0.00271049 | F57: 0.0023505861 | G57: 0.0023386512 | H57: 0.0013208201 | I57: 0.0014078689 | J57: 0.0022950137 | L57: 0.016218354
A58: AEZ9 | B58: 0.0058997604 | C58: 0.42281879 | D58: 0.0032193187 | E58: 0.0065132194 | F58: 0.0056483819 | G58: 0.0056197029 | H58: 0.0031738877 | I58: 0.003383063 | J58: 0.0055148431 | L58: 0.46179097
A59: Indonesia | B59: 0.81064129 | C59: 1.5580013 | D59: 0.44601042 | E59: 0.70775421 | F59: 0.55720909 | G59: 0.28734555 | H59: 0.66754475 | I59: 0.71509932 | J59: 0 | L59: 5.7496059
A60: AEZ11 | C60: 0.053030303 | L60: 0.053030303
A61: AEZ12 | B61: 0.04816761 | C61: 0.25485714 | D61: 0.041698654 | E61: 0.037298367 | F61: 0.032889093 | G61: 0.0168547 | H61: 0.077013166 | I61: 0.03714032 | J61: 0 | L61: 0.54591905
A62: AEZ4 | B62: 0.26406608 | C62: 0.14807302 | D62: 0.047903756 | E62: 0.27224246 | F62: 0.1741843 | G62: 0.047179219 | H62: 0.074081601 | I62: 0.29228833 | J62: 0 | L62: 1.3200188
A63: AEZ5 | B63: 0.023388096 | C63: 0.10204082 | D63: 0.010252902 | E63: 0.025294469 | F63: 0.018516296 | G63: 0.0065133868 | H63: 0.016402919 | I63: 0.033225862 | J63: 0 | L63: 0.23563475
A64: AEZ6 | B64: 0.4750195 | C64: 1 | D64: 0.34615511 | E64: 0.37291892 | F64: 0.3316194 | G64: 0.21679825 | H64: 0.50004707 | I64: 0.3524448 | J64: 0 | L64: 3.5950031
A65: Ivory Coast | B65: 1.1455576 | C65: 3 | D65: 0.25886054 | E65: 0.77161363 | F65: 0.45920727 | G65: 0.99058157 | H65: 0.57818128 | I65: 0.51022026 | J65: 0 | L65: 7.7142221
A66: AEZ4 | B66: 0.0094516948 | C66: 1 | D66: 0.0035216934 | E66: 0.012116954 | F66: 0.0070964009 | G66: 0.029084891 | H66: 0.027288867 | I66: 0.0089567588 | J66: 0 | L66: 1.0975173
A67: AEZ5 | B67: 0.13610587 | C67: 1 | D67: 0.026194122 | E67: 0.07539087 | F67: 0.043655195 | G67: 0.11575924 | H67: 0.076821702 | I67: 0.051259848 | J67: 0 | L67: 1.5251868
A68: AEZ6 | B68: 1 | C68: 1 | D68: 0.22914473 | E68: 0.6841058 | F68: 0.40845568 | G68: 0.84573744 | H68: 0.47407071 | I68: 0.45000366 | J68: 0 | L68: 5.091518
A69: Ghana | B69: 2.0067935 | C69: 3.3737374 | D69: 0.15497412 | E69: 2.0063691 | F69: 2.0055622 | G69: 1.908786 | H69: 0.61737529 | I69: 1.4198709 | J69: 0 | L69: 13.493468
A70: AEZ3 | B70: 0 | C70: 1 | D70: 0.00077247914 | E70: 0.00040206873 | F70: 0.00069310862 | G70: 0.0010913941 | H70: 0.0028861889 | I70: 0.0013747948 | J70: 0 | L70: 1.00722
A71: AEZ4 | B71: 0.0067934624 | C71: 0.37373737 | D71: 0.005636356 | E71: 0.0059670026 | F71: 0.0048690562 | G71: 0.0047219983 | H71: 0.00075539741 | I71: 0.0034006853 | J71: 0 | L71: 0.40588133
A72: AEZ5 | B72: 1 | C72: 1 | D72: 0.030297729 | E72: 1 | F72: 1 | G72: 0.90297256 | H72: 0.15319763 | I72: 0.41509543 | J72: 0 | L72: 5.5015633
... A81: AEZ5 | B81: 0.048241229 | C81: 0.95495903 | D81: 0.040194532 | E81: 0.035474022 | F81: 0.039490558 | G81: 0.040605453 | H81: 0.056257207 | I81: 0.041607573 | J81: 0.042346086 | L81: 1.2991757
A82: AEZ9 | C82: 0.057142857 | L82: 0.057142857
A83: DRC | B83: 2.1957479 | C83: 7 | D83: 2.3433846 | E83: 3.0203043 | F83: 2.8219542 | G83: 2.4737162 | H83: 2.5874752 | I83: 2.2991538 | J83: 2.9182174 | L83: 27.659954
A84: AEZ10 | B84: 0.5422461 | C84: 1 | D84: 0.50853215 | E84: 0.97998677 | F84: 0.57402868 | G84: 0.48722406 | H84: 0.57380294 | I84: 0.4815501 | J84: 0.85667397 | L84: 6.0040448
A85: AEZ11 | B85: 0.1427673 | C85: 1 | D85: 0.16939312 | E85: 0.090090048 | F85: 0.17764755 | G85: 0.14605147 | H85: 0.19211257 | I85: 0.15335218 | J85: 0.12952741 | L85: 2.2009417
A86: AEZ12 | B86: 0.21040623 | C86: 1 | D86: 0.21705919 | E86: 0.061428428 | F86: 0.15320707 | G86: 0.17340054 | H86: 0.1852114 | I86: 0.20752951 | J86: 0.075563717 | L86: 2.2838061
A87: AEZ3 | B87: 0.21255654 | C87: 1 | D87: 0.19926862 | E87: 0.60010848 | F87: 0.2759157 | G87: 0.20741294 | H87: 0.25142553 | I87: 0.1905847 | J87: 0.52155683 | L87: 3.4588293
A88: AEZ4 | B88: 0.82108378 | C88: 1 | D88: 0.90921592 | E88: 1 | F88: 1 | G88: 1 | H88: 1 | I88: 0.89600504 | J88: 1 | L88: 8.6263047
A89: AEZ5 | B89: 0.010395048 | C89: 1 | D89: 0.013069151 | E89: 0.0077118026 | F89: 0.020240052 | G89: 0.01558159 | H89: 0.01531055 | I89: 0.012850902 | J89: 0.01212147 | L89: 1.1072806
A90: AEZ6 | B90: 0.2176156 | C90: 1 | D90: 0.22731264 | E90: 0.2546661 | F90: 0.2517357 | G90: 0.19266781 | H90: 0.21816902 | I90: 0.23133376 | J90: 0.18635453 | L90: 2.7798552
A91: AEZ9 | B91: 0.03867731 | C91: 0 | D91: 0.099533843 | E91: 0.026312634 | F91: 0.36917941 | G91: 0.25137781 | H91: 0.1514432 | I91: 0.12594756 | J91: 0.13641945 | L91: 1.1988912
A92: Grand Total | B92: 14.818897 | C92: 44.276006 | D92: 11.357156 | E92: 15.299056 | F92: 14.676306 | G92: 13.415029 | H92: 12.254602 | I92: 15.358112 | J92: 10.383164 | L92: 151.83833

Sheet Sheet4
A1: ID | M1: HILDA Growth 2010-2018 [(Positiv add. LU 2010-2018)/min LC 2010-2018] | W1: GTAP_Area_Ha | AG1: GTAP_Additional_LU_Ha (based on HILDA shares) | AQ1: Coef. GTAP | BA1: GTAP_deforestation_Ha (based on HILDA shares) | BM1: Def._coefficient_for shocks | CG1: GTAP_Area_Ha (AEZ def.only)
C2: c_b | D2: ctl | E2: gro | F2: ocr | G2: osd | H2: pdr | I2: pfb | J2: v_f | K2: wht | M2: c_b | N2: ctl | O2: gro | P2: ocr | Q2: osd | R2: pdr | S2: pfb | T2: v_f | U2: wht | W2: c_b | X2: ctl | Y2: gro | Z2: ocr | AA2: osd | AB2: pdr | AC2: pfb | AD2: v_f | AE2: wht | AG2: c_b | AH2: ctl | AI2: gro | AJ2: ocr | AK2: osd | AL2: pdr | AM2: pfb | AN2: v_f | AO2: wht | AQ2: c_b | AR2: ctl | AS2: gro | AT2: ocr | AU2: osd | AV2: pdr | AW2: pfb | AX2: v_f | AY2: wht | BA2: c_b | BB2: ctl | BC2: gro | BD2: ocr | BE2: osd | BF2: pdr | BG2: pfb | BH2: v_f | BI2: wht | BM2: c_b | BN2: ctl | BO2: gro | BP2: ocr | BQ2: osd | BR2: pdr | BS2: pfb | BT2: v_f | BU2: wht | BW2: c_b | BX2: ctl | BY2: gro | BZ2: ocr | CA2: osd | CB2: pdr | CC2: pfb | CD2: v_f | CE2: wht | CG2: c_b | CH2: ctl | CI2: gro | CJ2: ocr | CK2: osd | CL2: pdr | CM2: pfb | CN2: v_f | CO2: wht
A3: Angola | B3: AEZ1 | C3: =_xlfn.CONCAT($A3,"#",$B3,"#",C$2) -> Angola#AEZ1#c_b | D3: =_xlfn.CONCAT($A3,"#",$B3,"#",D$2) -> Angola#AEZ1#ctl | E3: =_xlfn.CONCAT($A3,"#",$B3,"#",E$2) -> Angola#AEZ1#gro | F3: =_xlfn.CONCAT($A3,"#",$B3,"#",F$2) -> Angola#AEZ1#ocr | G3: =_xlfn.CONCAT($A3,"#",$B3,"#",G$2) -> Angola#AEZ1#osd | H3: =_xlfn.CONCAT($A3,"#",$B3,"#",H$2) -> Angola#AEZ1#pdr | I3: =_xlfn.CONCAT($A3,"#",$B3,"#",I$2) -> Angola#AEZ1#pfb | J3: =_xlfn.CONCAT($A3,"#",$B3,"#",J$2) -> Angola#AEZ1#v_f | K3: =_xlfn.CONCAT($A3,"#",$B3,"#",K$2) -> Angola#AEZ1#wht | M3: =IFERROR(_xlfn.IFNA(VLOOKUP(C3,Additional_LU_and_deforestation!$D:$E,2,FALSE)/VLOOKUP(C3,Land_Cover_MIN_MAX!$A:$C,2,FALSE),0),0) -> 0 | N3: =IFERROR(_xlfn.IFNA(VLOOKUP(D3,Additional_LU_and_deforestation!$D:$E,2,FALSE)/VLOOKUP(D3,Land_Cover_MIN_MAX!$A:$C,2,FALSE),0),0) -> 0 | O3: =IFERROR(_xlfn.IFNA(VLOOKUP(E3,Additional_LU_and_deforestation!$D:$E,2,FALSE)/VLOOKUP(E3,Land_Cover_MIN_MAX!$A:$C,2,FALSE),0),0) -> 0 | P3: =IFERROR(_xlfn.IFNA(VLOOKUP(F3,Additional_LU_and_deforestation!$D:$E,2,FALSE)/VLOOKUP(F3,Land_Cover_MIN_MAX!$A:$C,2,FALSE),0),0) -> 0 | Q3: =IFERROR(_xlfn.IFNA(VLOOKUP(G3,Additional_LU_and_deforestation!$D:$E,2,FALSE)/VLOOKUP(G3,Land_Cover_MIN_MAX!$A:$C,2,FALSE),0),0) -> 0 | R3: =IFERROR(_xlfn.IFNA(VLOOKUP(H3,Additional_LU_and_deforestation!$D:$E,2,FALSE)/VLOOKUP(H3,Land_Cover_MIN_MAX!$A:$C,2,FALSE),0),0) -> 0 | S3: =IFERROR(_xlfn.IFNA(VLOOKUP(I3,Additional_LU_and_deforestation!$D:$E,2,FALSE)/VLOOKUP(I3,Land_Cover_MIN_MAX!$A:$C,2,FALSE),0),0) -> 0 | T3: =IFERROR(_xlfn.IFNA(VLOOKUP(J3,Additional_LU_and_deforestation!$D:$E,2,FALSE)/VLOOKUP(J3,Land_Cover_MIN_MAX!$A:$C,2,FALSE),0),0) -> 0 | U3: =IFERROR(_xlfn.IFNA(VLOOKUP(K3,Additional_LU_and_deforestation!$D:$E,2,FALSE)/VLOOKUP(K3,Land_Cover_MIN_MAX!$A:$C,2,FALSE),0),0) -> 0 | W3: =VLOOKUP(C3,GTAP_area!$A:$F,6,FALSE) -> 80 | X3: =VLOOKUP(D3,GTAP_area!$A:$F,6,FALSE) -> 59940 | Y3: =VLOOKUP(E3,GTAP_area!$A:$F,6,FALSE) -> 7650 | Z3: =VLOOKUP(F3,GTAP_area!$A:$F,6,FALSE) -> 180 | AA3: =VLOOKUP(G3,GTAP_area!$A:$F,6,FALSE) -> 1530 | AB3: =VLOOKUP(H3,GTAP_area!$A:$F,6,FALSE) -> 20 | AC3: =VLOOKUP(I3,GTAP_area!$A:$F,6,FALSE) -> 20 | AD3: =VLOOKUP(J3,GTAP_area!$A:$F,6,FALSE) -> 8850 | AE3: =VLOOKUP(K3,GTAP_area!$A:$F,6,FALSE) -> 30 | AG3: =M3*W3 -> 0 | AH3: =N3*X3 -> 0 | AI3: =O3*Y3 -> 0 | AJ3: =P3*Z3 -> 0 | AK3: =Q3*AA3 -> 0 | AL3: =R3*AB3 -> 0 | AM3: =S3*AC3 -> 0 | AN3: =T3*AD3 -> 0 | AO3: =U3*AE3 -> 0 | AQ3: =IFERROR(GETPIVOTDATA("Coef. GTAP",Sheet3!$A$3,"Country",$A3,"AEZ",$B3,"Name",AQ$2),0) -> 0 | AR3: =IFERROR(GETPIVOTDATA("Coef. GTAP",Sheet3!$A$3,"Country",$A3,"AEZ",$B3,"Name",AR$2),0) -> 0 | AS3: =IFERROR(GETPIVOTDATA("Coef. GTAP",Sheet3!$A$3,"Country",$A3,"AEZ",$B3,"Name",AS$2),0) -> 0 | AT3: =IFERROR(GETPIVOTDATA("Coef. GTAP",Sheet3!$A$3,"Country",$A3,"AEZ",$B3,"Name",AT$2),0) -> 0 | AU3: =IFERROR(GETPIVOTDATA("Coef. GTAP",Sheet3!$A$3,"Country",$A3,"AEZ",$B3,"Name",AU$2),0) -> 0 | AV3: =IFERROR(GETPIVOTDATA("Coef. GTAP",Sheet3!$A$3,"Country",$A3,"AEZ",$B3,"Name",AV$2),0) -> 0 | AW3: =IFERROR(GETPIVOTDATA("Coef. GTAP",Sheet3!$A$3,"Country",$A3,"AEZ",$B3,"Name",AW$2),0) -> 0 | AX3: =IFERROR(GETPIVOTDATA("Coef. GTAP",Sheet3!$A$3,"Country",$A3,"AEZ",$B3,"Name",AX$2),0) -> 0 | AY3: =IFERROR(GETPIVOTDATA("Coef. GTAP",Sheet3!$A$3,"Country",$A3,"AEZ",$B3,"Name",AY$2),0) -> 0 | BA3: =AG3*AQ3 -> 0 | BB3: =AH3*AR3 -> 0 | BC3: =AI3*AS3 -> 0 | BD3: =AJ3*AT3 -> 0 | BE3: =AK3*AU3 -> 0 | BF3: =AL3*AV3 -> 0 | BG3: =AM3*AW3 -> 0 | BH3: =AN3*AX3 -> 0 | BI3: =AO3*AY3 -> 0 | BK3: =A3 -> Angola | BL3: AEZ1 | BM3: =IFERROR(BA3/W3*100,0) -> 0 | BN3: =IFERROR(BB3/X3*100,0) -> 0 | BO3: =IFERROR(BC3/Y3*100,0) -> 0 | BP3: =IFERROR(BD3/Z3*100,0) -> 0 | BQ3: =IFERROR(BE3/AA3*100,0) -> 0 | BR3: =IFERROR(BF3/AB3*100,0) -> 0 | BS3: =IFERROR(BG3/AC3*100,0) -> 0 | BT3: =IFERROR(BH3/AD3*100,0) -> 0 | BU3: =IFERROR(BI3/AE3*100,0) -> 0 | BV3: =(SUM(BA3:BI3)/SUM(W3:AE3))*100 -> 0 | BW3: =IF(BA3>0,1,0) -> 0 | BX3: =IF(BB3>0,1,0) -> 0 | BY3: =IF(BC3>0,1,0) -> 0 | BZ3: =IF(BD3>0,1,0) -> 0 | CA3: =IF(BE3>0,1,0) -> 0 | CB3: =IF(BF3>0,1,0) -> 0 | CC3: =IF(BG3>0,1,0) -> 0 | CD3: =IF(BH3>0,1,0) -> 0 | CE3: =IF(BI3>0,1,0) -> 0 | CG3: =BW3*W3 -> 0 | CH3: =BX3*X3 -> 0 | CI3: =BY3*Y3 -> 0 | CJ3: =BZ3*Z3 -> 0 | CK3: =CA3*AA3 -> 0 | CL3: =CB3*AB3 -> 0 | CM3: =CC3*AC3 -> 0 | CN3: =CD3*AD3 -> 0 | CO3: =CE3*AE3 -> 0
A4: =A3 -> Angola | B4: AEZ10 | C4: =_xlfn.CONCAT($A4,"#",$B4,"#",C$2) -> Angola#AEZ10#c_b | D4: =_xlfn.CONCAT($A4,"#",$B4,"#",D$2) -> Angola#AEZ10#ctl | E4: =_xlfn.CONCAT($A4,"#",$B4,"#",E$2) -> Angola#AEZ10#gro | F4: =_xlfn.CONCAT($A4,"#",$B4,"#",F$2) -> Angola#AEZ10#ocr | G4: =_xlfn.CONCAT($A4,"#",$B4,"#",G$2) -> Angola#AEZ10#osd | H4: =_xlfn.CONCAT($A4,"#",$B4,"#",H$2) -> Angola#AEZ10#pdr | I4: =_xlfn.CONCAT($A4,"#",$B4,"#",I$2) -> Angola#AEZ10#pfb | J4: =_xlfn.CONCAT($A4,"#",$B4,"#",J$2) -> Angola#AEZ10#v_f | K4: =_xlfn.CONCAT($A4,"#",$B4,"#",K$2) -> Angola#AEZ10#wht | M4: =IFERROR(_xlfn.IFNA(VLOOKUP(C4,Additional_LU_and_deforestation!$D:$E,2,FALSE)/VLOOKUP(C4,Land_Cover_MIN_MAX!$A:$C,2,FALSE),0),0) -> 0.54462059 | N4: =IFERROR(_xlfn.IFNA(VLOOKUP(D4,Additional_LU_and_deforestation!$D:$E,2,FALSE)/VLOOKUP(D4,Land_Cover_MIN_MAX!$A:$C,2,FALSE),0),0) -> 0.06108442 | O4: =IFERROR(_xlfn.IFNA(VLOOKUP(E4,Additional_LU_and_deforestation!$D:$E,2,FALSE)/VLOOKUP(E4,Land_Cover_MIN_MAX!$A:$C,2,FALSE),0),0) -> 3.0223148 | P4: =IFERROR(_xlfn.IFNA(VLOOKUP(F4,Additional_LU_and_deforestation!$D:$E,2,FALSE)/VLOOKUP(F4,Land_Cover_MIN_MAX!$A:$C,2,FALSE),0),0) -> 0.91005489 | Q4: =IFERROR(_xlfn.IFNA(VLOOKUP(G4,Additional_LU_and_deforestation!$D:$E,2,FALSE)/VLOOKUP(G4,Land_Cover_MIN_MAX!$A:$C,2,FALSE),0),0) -> 0.4505373 | R4: =IFERROR(_xlfn.IFNA(VLOOKUP(H4,Additional_LU_and_deforestation!$D:$E,2,FALSE)/VLOOKUP(H4,Land_Cover_MIN_MAX!$A:$C,2,FALSE),0),0) -> 1.0345729 | S4: =IFERROR(_xlfn.IFNA(VLOOKUP(I4,Additional_LU_and_deforestation!$D:$E,2,FALSE)/VLOOKUP(I4,Land_Cover_MIN_MAX!$A:$C,2,FALSE),0),0) -> 0.31656961 | T4: =IFERROR(_xlfn.IFNA(VLOOKUP(J4,Additional_LU_and_deforestation!$D:$E,2,FALSE)/VLOOKUP(J4,Land_Cover_MIN_MAX!$A:$C,2,FALSE),0),0) -> 0.66891404 | U4: =IFERROR(_xlfn.IFNA(VLOOKUP(K4,Additional_LU_and_deforestation!$D:$E,2,FALSE)/VLOOKUP(K4,Land_Cover_MIN_MAX!$A:$C,2,FALSE),0),0) -> 0.25970956 | W4: =VLOOKUP(C4,GTAP_area!$A:$F,6,FALSE) -> 1060 | X4: =VLOOKUP(D4,GTAP_area!$A:$F,6,FALSE) -> 4794460 | Y4: =VLOOKUP(E4,GTAP_area!$A:$F,6,FALSE) -> 593620 | Z4: =VLOOKUP(F4,GTAP_area!$A:$F,6,FALSE) -> 2500 | AA4: =VLOOKUP(G4,GTAP_area!$A:$F,6,FALSE) -> 21100 | AB4: =VLOOKUP(H4,GTAP_area!$A:$F,6,FALSE) -> 340 | AC4: =VLOOKUP(I4,GTAP_area!$A:$F,6,FALSE) -> 260 | AD4: =VLOOKUP(J4,GTAP_area!$A:$F,6,FALSE) -> 121840 | AE4: =VLOOKUP(K4,GTAP_area!$A:$F,6,FALSE) -> 340 | AG4: =M4*W4 -> 577.29783 | AH4: =N4*X4 -> 292866.81 | AI4: =O4*Y4 -> 1794106.5 | AJ4: =P4*Z4 -> 2275.1372 | AK4: =Q4*AA4 -> 9506.3371 | AL4: =R4*AB4 -> 351.75478 | AM4: =S4*AC4 -> 82.3081 | AN4: =T4*AD4 -> 81500.487 | AO4: =U4*AE4 -> 88.30125 | AQ4: =IFERROR(GETPIVOTDATA("Coef. GTAP",Sheet3!$A$3,"Country",$A4,"AEZ",$B4,"Name",AQ$2),0) -> 0.2649208 | AR4: =IFERROR(GETPIVOTDATA("Coef. GTAP",Sheet3!$A$3,"Country",$A4,"AEZ",$B4,"Name",AR$2),0) -> 0.77635099 | AS4: =IFERROR(GETPIVOTDATA("Coef. GTAP",Sheet3!$A$3,"Country",$A4,"AEZ",$B4,"Name",AS$2),0) -> 0.22818213 | AT4: =IFERROR(GETPIVOTDATA("Coef. GTAP",Sheet3!$A$3,"Country",$A4,"AEZ",$B4,"Name",AT$2),0) -> 0.21651891 | AU4: =IFERROR(GETPIVOTDATA("Coef. GTAP",Sheet3!$A$3,"Country",$A4,"AEZ",$B4,"Name",AU$2),0) -> 0.26058881 | AV4: =IFERROR(GETPIVOTDATA("Coef. GTAP",Sheet3!$A$3,"Country",$A4,"AEZ",$B4,"Name",AV$2),0) -> 0.27618208 | AW4: =IFERROR(GETPIVOTDATA("Coef. GTAP",Sheet3!$A$3,"Country",$A4,"AEZ",$B4,"Name",AW$2),0) -> 0.33129842 | AX4: =IFERROR(GETPIVOTDATA("Coef. GTAP",Sheet3!$A$3,"Country",$A4,"AEZ",$B4,"Name",AX$2),0) -> 0.23292312 | AY4: =IFERROR(GETPIVOTDATA("Coef. GTAP",Sheet3!$A$3,"Country",$A4,"AEZ",$B4,"Name",AY$2),0) -> 0.14632277 | BA4: =AG4*AQ4 -> 152.9382 | BB4: =AH4*AR4 -> 227367.44 | BC4: =AI4*AS4 -> 409383.05 | BD4: =AJ4*AT4 -> 492.61024 | BE4: =AK4*AU4 -> 2477.245 | BF4: =AL4*AV4 -> 97.148367 | BG4: =AM4*AW4 -> 27.268544 | BH4: =AN4*AX4 -> 18983.348 | BI4: =AO4*AY4 -> 12.920484 | BK4: =BK3 -> Angola | BL4: AEZ10 | BM4: =IFERROR(BA4/W4*100,0) -> 14.428132 | BN4: =IFERROR(BB4/X4*100,0) -> 4.742295 | BO4: =IFERROR(BC4/Y4*100,0) -> 68.963823 | BP4: =IFERROR(BD4/Z4*100,0) -> 19.704409 | BQ4: =IFERROR(BE4/AA4*100,0) -> 11.740498 | BR4: =IFERROR(BF4/AB4*100,0) -> 28.573049 | BS4: =IFERROR(BG4/AC4*100,0) -> 10.487901 | BT4: =IFERROR(BH4/AD4*100,0) -> 15.580555 | BU4: =IFERROR(BI4/AE4*100,0) -> 3.8001423 | BV4: =(SUM(BA4:BI4)/SUM(W4:AE4))*100 -> 11.904825 | BW4: =IF(BA4>0,1,0) -> 1 | BX4: =IF(BB4>0,1,0) -> 1 | BY4: =IF(BC4>0,1,0) -> 1 | BZ4: =IF(BD4>0,1,0) -> 1 | CA4: =IF(BE4>0,1,0) -> 1 | CB4: =IF(BF4>0,1,0) -> 1 | CC4: =IF(BG4>0,1,0) -> 1 | CD4: =IF(BH4>0,1,0) -> 1 | CE4: =IF(BI4>0,1,0) -> 1 | CG4: =BW4*W4 -> 1060 | CH4: =BX4*X4 -> 4794460 | CI4: =BY4*Y4 -> 593620 | CJ4: =BZ4*Z4 -> 2500 | CK4: =CA4*AA4 -> 21100 | CL4: =CB4*AB4 -> 340 | CM4: =CC4*AC4 -> 260 | CN4: =CD4*AD4 -> 121840 | CO4: =CE4*AE4 -> 340
A5: =A4 -> Angola | B5: AEZ11 | C5: =_xlfn.CONCAT($A5,"#",$B5,"#",C$2) -> Angola#AEZ11#c_b | D5: =_xlfn.CONCAT($A5,"#",$B5,"#",D$2) -> Angola#AEZ11#ctl | E5: =_xlfn.CONCAT($A5,"#",$B5,"#",E$2) -> Angola#AEZ11#gro | F5: =_xlfn.CONCAT($A5,"#",$B5,"#",F$2) -> Angola#AEZ11#ocr | G5: =_xlfn.CONCAT($A5,"#",$B5,"#",G$2) -> Angola#AEZ11#osd | H5: =_xlfn.CONCAT($A5,"#",$B5,"#",H$2) -> Angola#AEZ11#pdr | I5: =_xlfn.CONCAT($A5,"#",$B5,"#",I$2) -> Angola#AEZ11#pfb | J5: =_xlfn.CONCAT($A5,"#",$B5,"#",J$2) -> Angola#AEZ11#v_f | K5: =_xlfn.CONCAT($A5,"#",$B5,"#",K$2) -> Angola#AEZ11#wht | M5: =IFERROR(_xlfn.IFNA(VLOOKUP(C5,Additional_LU_and_deforestation!$D:$E,2,FALSE)/VLOOKUP(C5,Land_Cover_MIN_MAX!$A:$C,2,FALSE),0),0) -> 0.54462059 | N5: =IFERROR(_xlfn.IFNA(VLOOKUP(D5,Additional_LU_and_deforestation!$D:$E,2,FALSE)/VLOOKUP(D5,Land_Cover_MIN_MAX!$A:$C,2,FALSE),0),0) -> 0.18715996 | O5: =IFERROR(_xlfn.IFNA(VLOOKUP(E5,Additional_LU_and_deforestation!$D:$E,2,FALSE)/VLOOKUP(E5,Land_Cover_MIN_MAX!$A:$C,2,FALSE),0),0) -> 3.0223148 | P5: =IFERROR(_xlfn.IFNA(VLOOKUP(F5,Additional_LU_and_deforestation!$D:$E,2,FALSE)/VLOOKUP(F5,Land_Cover_MIN_MAX!$A:$C,2,FALSE),0),0) -> 0.91005489 | Q5: =IFERROR(_xlfn.IFNA(VLOOKUP(G5,Additional_LU_and_deforestation!$D:$E,2,FALSE)/VLOOKUP(G5,Land_Cover_MIN_MAX!$A:$C,2,FALSE),0),0) -> 0.4505373 | R5: =IFERROR(_xlfn.IFNA(VLOOKUP(H5,Additional_LU_and_deforestation!$D:$E,2,FALSE)/VLOOKUP(H5,Land_Cover_MIN_MAX!$A:$C,2,FALSE),0),0) -> 1.0345729 | S5: =IFERROR(_xlfn.IFNA(VLOOKUP(I5,Additional_LU_and_deforestation!$D:$E,2,FALSE)/VLOOKUP(I5,Land_Cover_MIN_MAX!$A:$C,2,FALSE),0),0) -> 0.31656961 | T5: =IFERROR(_xlfn.IFNA(VLOOKUP(J5,Additional_LU_and_deforestation!$D:$E,2,FALSE)/VLOOKUP(J5,Land_Cover_MIN_MAX!$A:$C,2,FALSE),0),0) -> 0.66891404 | U5: =IFERROR(_xlfn.IFNA(VLOOKUP(K5,Additional_LU_and_deforestation!$D:$E,2,FALSE)/VLOOKUP(K5,Land_Cover_MIN_MAX!$A:$C,2,FALSE),0),0) -> 0.25970956 | W5: =VLOOKUP(C5,GTAP_area!$A:$F,6,FALSE) -> 30 | X5: =VLOOKUP(D5,GTAP_area!$A:$F,6,FALSE) -> 1745130 | Y5: =VLOOKUP(E5,GTAP_area!$A:$F,6,FALSE) -> 10600 | Z5: =VLOOKUP(F5,GTAP_area!$A:$F,6,FALSE) -> 70 | AA5: =VLOOKUP(G5,GTAP_area!$A:$F,6,FALSE) -> 590 | AB5: =VLOOKUP(H5,GTAP_area!$A:$F,6,FALSE) -> 10 | AC5: =VLOOKUP(I5,GTAP_area!$A:$F,6,FALSE) -> 10 | AD5: =VLOOKUP(J5,GTAP_area!$A:$F,6,FALSE) -> 3420 | AE5: =VLOOKUP(K5,GTAP_area!$A:$F,6,FALSE) -> 10 | AG5: =M5*W5 -> 16.338618 | AH5: =N5*X5 -> 326618.45 | AI5: =O5*Y5 -> 32036.537 | AJ5: =P5*Z5 -> 63.703842 | AK5: =Q5*AA5 -> 265.81701 | AL5: =R5*AB5 -> 10.345729 | AM5: =S5*AC5 -> 3.1656961 | AN5: =T5*AD5 -> 2287.686 | AO5: =U5*AE5 -> 2.5970956 | AQ5: =IFERROR(GETPIVOTDATA("Coef. GTAP",Sheet3!$A$3,"Country",$A5,"AEZ",$B5,"Name",AQ$2),0) -> 1 | AR5: =IFERROR(GETPIVOTDATA("Coef. GTAP",Sheet3!$A$3,"Country",$A5,"AEZ",$B5,"Name",AR$2),0) -> 0.70155039 | AS5: =IFERROR(GETPIVOTDATA("Coef. GTAP",Sheet3!$A$3,"Country",$A5,"AEZ",$B5,"Name",AS$2),0) -> 1 | AT5: =IFERROR(GETPIVOTDATA("Coef. GTAP",Sheet3!$A$3,"Country",$A5,"AEZ",$B5,"Name",AT$2),0) -> 1 | AU5: =IFERROR(GETPIVOTDATA("Coef. GTAP",Sheet3!$A$3,"Country",$A5,"AEZ",$B5,"Name",AU$2),0) -> 1 | AV5: =IFERROR(GETPIVOTDATA("Coef. GTAP",Sheet3!$A$3,"Country",$A5,"AEZ",$B5,"Name",AV$2),0) -> 1 | AW5: =IFERROR(GETPIVOTDATA("Coef. GTAP",Sheet3!$A$3,"Country",$A5,"AEZ",$B5,"Name",AW$2),0) -> 1 | AX5: =IFERROR(GETPIVOTDATA("Coef. GTAP",Sheet3!$A$3,"Country",$A5,"AEZ",$B5,"Name",AX$2),0) -> 1 | AY5: =IFERROR(GETPIVOTDATA("Coef. GTAP",Sheet3!$A$3,"Country",$A5,"AEZ",$B5,"Name",AY$2),0) -> 1 | BA5: =AG5*AQ5 -> 16.338618 | BB5: =AH5*AR5 -> 229139.3 | BC5: =AI5*AS5 -> 32036.537 | BD5: =AJ5*AT5 -> 63.703842 | BE5: =AK5*AU5 -> 265.81701 | BF5: =AL5*AV5 -> 10.345729 | BG5: =AM5*AW5 -> 3.1656961 | BH5: =AN5*AX5 -> 2287.686 | BI5: =AO5*AY5 -> 2.5970956 | BK5: =BK4 -> Angola | BL5: AEZ11 | BM5: =IFERROR(BA5/W5*100,0) -> 54.462059 | BN5: =IFERROR(BB5/X5*100,0) -> 13.130214 | BO5: =IFERROR(BC5/Y5*100,0) -> 302.23148 | BP5: =IFERROR(BD5/Z5*100,0) -> 91.005489 | BQ5: =IFERROR(BE5/AA5*100,0) -> 45.05373 | BR5: =IFERROR(BF5/AB5*100,0) -> 103.45729 | BS5: =IFERROR(BG5/AC5*100,0) -> 31.656961 | BT5: =IFERROR(BH5/AD5*100,0) -> 66.891404 | BU5: =IFERROR(BI5/AE5*100,0) -> 25.970956 | BV5: =(SUM(BA5:BI5)/SUM(W5:AE5))*100 -> 14.991192 | BW5: =IF(BA5>0,1,0) -> 1 | BX5: =IF(BB5>0,1,0) -> 1 | BY5: =IF(BC5>0,1,0) -> 1 | BZ5: =IF(BD5>0,1,0) -> 1 | CA5: =IF(BE5>0,1,0) -> 1 | CB5: =IF(BF5>0,1,0) -> 1 | CC5: =IF(BG5>0,1,0) -> 1 | CD5: =IF(BH5>0,1,0) -> 1 | CE5: =IF(BI5>0,1,0) -> 1 | CG5: =BW5*W5 -> 30 | CH5: =BX5*X5 -> 1745130 | CI5: =BY5*Y5 -> 10600 | CJ5: =BZ5*Z5 -> 70 | CK5: =CA5*AA5 -> 590 | CL5: =CB5*AB5 -> 10 | CM5: =CC5*AC5 -> 10 | CN5: =CD5*AD5 -> 3420 | CO5: =CE5*AE5 -> 10
A6: =A5 -> Angola | B6: AEZ12 | C6: =_xlfn.CONCAT($A6,"#",$B6,"#",C$2) -> Angola#AEZ12#c_b | D6: =_xlfn.CONCAT($A6,"#",$B6,"#",D$2) -> Angola#AEZ12#ctl | E6: =_xlfn.CONCAT($A6,"#",$B6,"#",E$2) -> Angola#AEZ12#gro | F6: =_xlfn.CONCAT($A6,"#",$B6,"#",F$2) -> Angola#AEZ12#ocr | G6: =_xlfn.CONCAT($A6,"#",$B6,"#",G$2) -> Angola#AEZ12#osd | H6: =_xlfn.CONCAT($A6,"#",$B6,"#",H$2) -> Angola#AEZ12#pdr | I6: =_xlfn.CONCAT($A6,"#",$B6,"#",I$2) -> Angola#AEZ12#pfb | J6: =_xlfn.CONCAT($A6,"#",$B6,"#",J$2) -> Angola#AEZ12#v_f | K6: =_xlfn.CONCAT($A6,"#",$B6,"#",K$2) -> Angola#AEZ12#wht | M6: =IFERROR(_xlfn.IFNA(VLOOKUP(C6,Additional_LU_and_deforestation!$D:$E,2,FALSE)/VLOOKUP(C6,Land_Cover_MIN_MAX!$A:$C,2,FALSE),0),0) -> 0 | N6: =IFERROR(_xlfn.IFNA(VLOOKUP(D6,Additional_LU_and_deforestation!$D:$E,2,FALSE)/VLOOKUP(D6,Land_Cover_MIN_MAX!$A:$C,2,FALSE),0),0) -> 0 | O6: =IFERROR(_xlfn.IFNA(VLOOKUP(E6,Additional_LU_and_deforestation!$D:$E,2,FALSE)/VLOOKUP(E6,Land_Cover_MIN_MAX!$A:$C,2,FALSE),0),0) -> 0 | P6: =IFERROR(_xlfn.IFNA(VLOOKUP(F6,Additional_LU_and_deforestation!$D:$E,2,FALSE)/VLOOKUP(F6,Land_Cover_MIN_MAX!$A:$C,2,FALSE),0),0) -> 0 | Q6: =IFERROR(_xlfn.IFNA(VLOOKUP(G6,Additional_LU_and_deforestation!$D:$E,2,FALSE)/VLOOKUP(G6,Land_Cover_MIN_MAX!$A:$C,2,FALSE),0),0) -> 0 | R6: =IFERROR(_xlfn.IFNA(VLOOKUP(H6,Additional_LU_and_deforestation!$D:$E,2,FALSE)/VLOOKUP(H6,Land_Cover_MIN_MAX!$A:$C,2,FALSE),0),0) -> 0 | S6: =IFERROR(_xlfn.IFNA(VLOOKUP(I6,Additional_LU_and_deforestation!$D:$E,2,FALSE)/VLOOKUP(I6,Land_Cover_MIN_MAX!$A:$C,2,FALSE),0),0) -> 0 | T6: =IFERROR(_xlfn.IFNA(VLOOKUP(J6,Additional_LU_and_deforestation!$D:$E,2,FALSE)/VLOOKUP(J6,Land_Cover_MIN_MAX!$A:$C,2,FALSE),0),0) -> 0 | U6: =IFERROR(_xlfn.IFNA(VLOOKUP(K6,Additional_LU_and_deforestation!$D:$E,2,FALSE)/VLOOKUP(K6,Land_Cover_MIN_MAX!$A:$C,2,FALSE),0),0) -> 0 | W6: =VLOOKUP(C6,GTAP_area!$A:$F,6,FALSE) -> 0 | X6: =VLOOKUP(D6,GTAP_area!$A:$F,6,FALSE) -> 0 | Y6: =VLOOKUP(E6,GTAP_area!$A:$F,6,FALSE) -> 0 | Z6: =VLOOKUP(F6,GTAP_area!$A:$F,6,FALSE) -> 0 | AA6: =VLOOKUP(G6,GTAP_area!$A:$F,6,FALSE) -> 0 | AB6: =VLOOKUP(H6,GTAP_area!$A:$F,6,FALSE) -> 0 | AC6: =VLOOKUP(I6,GTAP_area!$A:$F,6,FALSE) -> 0 | AD6: =VLOOKUP(J6,GTAP_area!$A:$F,6,FALSE) -> 0 | AE6: =VLOOKUP(K6,GTAP_area!$A:$F,6,FALSE) -> 0 | AG6: =M6*W6 -> 0 | AH6: =N6*X6 -> 0 | AI6: =O6*Y6 -> 0 | AJ6: =P6*Z6 -> 0 | AK6: =Q6*AA6 -> 0 | AL6: =R6*AB6 -> 0 | AM6: =S6*AC6 -> 0 | AN6: =T6*AD6 -> 0 | AO6: =U6*AE6 -> 0 | AQ6: =IFERROR(GETPIVOTDATA("Coef. GTAP",Sheet3!$A$3,"Country",$A6,"AEZ",$B6,"Name",AQ$2),0) -> 0 | AR6: =IFERROR(GETPIVOTDATA("Coef. GTAP",Sheet3!$A$3,"Country",$A6,"AEZ",$B6,"Name",AR$2),0) -> 0 | AS6: =IFERROR(GETPIVOTDATA("Coef. GTAP",Sheet3!$A$3,"Country",$A6,"AEZ",$B6,"Name",AS$2),0) -> 0 | AT6: =IFERROR(GETPIVOTDATA("Coef. GTAP",Sheet3!$A$3,"Country",$A6,"AEZ",$B6,"Name",AT$2),0) -> 0 | AU6: =IFERROR(GETPIVOTDATA("Coef. GTAP",Sheet3!$A$3,"Country",$A6,"AEZ",$B6,"Name",AU$2),0) -> 0 | AV6: =IFERROR(GETPIVOTDATA("Coef. GTAP",Sheet3!$A$3,"Country",$A6,"AEZ",$B6,"Name",AV$2),0) -> 0 | AW6: =IFERROR(GETPIVOTDATA("Coef. GTAP",Sheet3!$A$3,"Country",$A6,"AEZ",$B6,"Name",AW$2),0) -> 0 | AX6: =IFERROR(GETPIVOTDATA("Coef. GTAP",Sheet3!$A$3,"Country",$A6,"AEZ",$B6,"Name",AX$2),0) -> 0 | AY6: =IFERROR(GETPIVOTDATA("Coef. GTAP",Sheet3!$A$3,"Country",$A6,"AEZ",$B6,"Name",AY$2),0) -> 0 | BA6: =AG6*AQ6 -> 0 | BB6: =AH6*AR6 -> 0 | BC6: =AI6*AS6 -> 0 | BD6: =AJ6*AT6 -> 0 | BE6: =AK6*AU6 -> 0 | BF6: =AL6*AV6 -> 0 | BG6: =AM6*AW6 -> 0 | BH6: =AN6*AX6 -> 0 | BI6: =AO6*AY6 -> 0 | BK6: =BK5 -> Angola | BL6: AEZ12 | BM6: =IFERROR(BA6/W6*100,0) -> 0 | BN6: =IFERROR(BB6/X6*100,0) -> 0 | BO6: =IFERROR(BC6/Y6*100,0) -> 0 | BP6: =IFERROR(BD6/Z6*100,0) -> 0 | BQ6: =IFERROR(BE6/AA6*100,0) -> 0 | BR6: =IFERROR(BF6/AB6*100,0) -> 0 | BS6: =IFERROR(BG6/AC6*100,0) -> 0 | BT6: =IFERROR(BH6/AD6*100,0) -> 0 | BU6: =IFERROR(BI6/AE6*100,0) -> 0 | BV6: =(SUM(BA6:BI6)/SUM(W6:AE6))*100 -> #DIV/0! | BW6: =IF(BA6>0,1,0) -> 0 | BX6: =IF(BB6>0,1,0) -> 0 | BY6: =IF(BC6>0,1,0) -> 0 | BZ6: =IF(BD6>0,1,0) -> 0 | CA6: =IF(BE6>0,1,0) -> 0 | CB6: =IF(BF6>0,1,0) -> 0 | CC6: =IF(BG6>0,1,0) -> 0 | CD6: =IF(BH6>0,1,0) -> 0 | CE6: =IF(BI6>0,1,0) -> 0 | CG6: =BW6*W6 -> 0 | CH6: =BX6*X6 -> 0 | CI6: =BY6*Y6 -> 0 | CJ6: =BZ6*Z6 -> 0 | CK6: =CA6*AA6 -> 0 | CL6: =CB6*AB6 -> 0 | CM6: =CC6*AC6 -> 0 | CN6: =CD6*AD6 -> 0 | CO6: =CE6*AE6 -> 0
A7: =A6 -> Angola | B7: AEZ13 | C7: =_xlfn.CONCAT($A7,"#",$B7,"#",C$2) -> Angola#AEZ13#c_b | D7: =_xlfn.CONCAT($A7,"#",$B7,"#",D$2) -> Angola#AEZ13#ctl | E7: =_xlfn.CONCAT($A7,"#",$B7,"#",E$2) -> Angola#AEZ13#gro | F7: =_xlfn.CONCAT($A7,"#",$B7,"#",F$2) -> Angola#AEZ13#ocr | G7: =_xlfn.CONCAT($A7,"#",$B7,"#",G$2) -> Angola#AEZ13#osd | H7: =_xlfn.CONCAT($A7,"#",$B7,"#",H$2) -> Angola#AEZ13#pdr | I7: =_xlfn.CONCAT($A7,"#",$B7,"#",I$2) -> Angola#AEZ13#pfb | J7: =_xlfn.CONCAT($A7,"#",$B7,"#",J$2) -> Angola#AEZ13#v_f | K7: =_xlfn.CONCAT($A7,"#",$B7,"#",K$2) -> Angola#AEZ13#wht | M7: =IFERROR(_xlfn.IFNA(VLOOKUP(C7,Additional_LU_and_deforestation!$D:$E,2,FALSE)/VLOOKUP(C7,Land_Cover_MIN_MAX!$A:$C,2,FALSE),0),0) -> 0 | N7: =IFERROR(_xlfn.IFNA(VLOOKUP(D7,Additional_LU_and_deforestation!$D:$E,2,FALSE)/VLOOKUP(D7,Land_Cover_MIN_MAX!$A:$C,2,FALSE),0),0) -> 0 | O7: =IFERROR(_xlfn.IFNA(VLOOKUP(E7,Additional_LU_and_deforestation!$D:$E,2,FALSE)/VLOOKUP(E7,Land_Cover_MIN_MAX!$A:$C,2,FALSE),0),0) -> 0 | P7: =IFERROR(_xlfn.IFNA(VLOOKUP(F7,Additional_LU_and_deforestation!$D:$E,2,FALSE)/VLOOKUP(F7,Land_Cover_MIN_MAX!$A:$C,2,FALSE),0),0) -> 0 | Q7: =IFERROR(_xlfn.IFNA(VLOOKUP(G7,Additional_LU_and_deforestation!$D:$E,2,FALSE)/VLOOKUP(G7,Land_Cover_MIN_MAX!$A:$C,2,FALSE),0),0) -> 0 | R7: =IFERROR(_xlfn.IFNA(VLOOKUP(H7,Additional_LU_and_deforestation!$D:$E,2,FALSE)/VLOOKUP(H7,Land_Cover_MIN_MAX!$A:$C,2,FALSE),0),0) -> 0 | S7: =IFERROR(_xlfn.IFNA(VLOOKUP(I7,Additional_LU_and_deforestation!$D:$E,2,FALSE)/VLOOKUP(I7,Land_Cover_MIN_MAX!$A:$C,2,FALSE),0),0) -> 0 | T7: =IFERROR(_xlfn.IFNA(VLOOKUP(J7,Additional_LU_and_deforestation!$D:$E,2,FALSE)/VLOOKUP(J7,Land_Cover_MIN_MAX!$A:$C,2,FALSE),0),0) -> 0 | U7: =IFERROR(_xlfn.IFNA(VLOOKUP(K7,Additional_LU_and_deforestation!$D:$E,2,FALSE)/VLOOKUP(K7,Land_Cover_MIN_MAX!$A:$C,2,FALSE),0),0) -> 0 | W7: =VLOOKUP(C7,GTAP_area!$A:$F,6,FALSE) -> 0 | X7: =VLOOKUP(D7,GTAP_area!$A:$F,6,FALSE) -> 0 | Y7: =VLOOKUP(E7,GTAP_area!$A:$F,6,FALSE) -> 0 | Z7: =VLOOKUP(F7,GTAP_area!$A:$F,6,FALSE) -> 0 | AA7: =VLOOKUP(G7,GTAP_area!$A:$F,6,FALSE) -> 0 | AB7: =VLOOKUP(H7,GTAP_area!$A:$F,6,FALSE) -> 0 | AC7: =VLOOKUP(I7,GTAP_area!$A:$F,6,FALSE) -> 0 | AD7: =VLOOKUP(J7,GTAP_area!$A:$F,6,FALSE) -> 0 | AE7: =VLOOKUP(K7,GTAP_area!$A:$F,6,FALSE) -> 0 | AG7: =M7*W7 -> 0 | AH7: =N7*X7 -> 0 | AI7: =O7*Y7 -> 0 | AJ7: =P7*Z7 -> 0 | AK7: =Q7*AA7 -> 0 | AL7: =R7*AB7 -> 0 | AM7: =S7*AC7 -> 0 | AN7: =T7*AD7 -> 0 | AO7: =U7*AE7 -> 0 | AQ7: =IFERROR(GETPIVOTDATA("Coef. GTAP",Sheet3!$A$3,"Country",$A7,"AEZ",$B7,"Name",AQ$2),0) -> 0 | AR7: =IFERROR(GETPIVOTDATA("Coef. GTAP",Sheet3!$A$3,"Country",$A7,"AEZ",$B7,"Name",AR$2),0) -> 0 | AS7: =IFERROR(GETPIVOTDATA("Coef. GTAP",Sheet3!$A$3,"Country",$A7,"AEZ",$B7,"Name",AS$2),0) -> 0 | AT7: =IFERROR(GETPIVOTDATA("Coef. GTAP",Sheet3!$A$3,"Country",$A7,"AEZ",$B7,"Name",AT$2),0) -> 0 | AU7: =IFERROR(GETPIVOTDATA("Coef. GTAP",Sheet3!$A$3,"Country",$A7,"AEZ",$B7,"Name",AU$2),0) -> 0 | AV7: =IFERROR(GETPIVOTDATA("Coef. GTAP",Sheet3!$A$3,"Country",$A7,"AEZ",$B7,"Name",AV$2),0) -> 0 | AW7: =IFERROR(GETPIVOTDATA("Coef. GTAP",Sheet3!$A$3,"Country",$A7,"AEZ",$B7,"Name",AW$2),0) -> 0 | AX7: =IFERROR(GETPIVOTDATA("Coef. GTAP",Sheet3!$A$3,"Country",$A7,"AEZ",$B7,"Name",AX$2),0) -> 0 | AY7: =IFERROR(GETPIVOTDATA("Coef. GTAP",Sheet3!$A$3,"Country",$A7,"AEZ",$B7,"Name",AY$2),0) -> 0 | BA7: =AG7*AQ7 -> 0 | BB7: =AH7*AR7 -> 0 | BC7: =AI7*AS7 -> 0 | BD7: =AJ7*AT7 -> 0 | BE7: =AK7*AU7 -> 0 | BF7: =AL7*AV7 -> 0 | BG7: =AM7*AW7 -> 0 | BH7: =AN7*AX7 -> 0 | BI7: =AO7*AY7 -> 0 | BK7: =BK6 -> Angola | BL7: AEZ13 | BM7: =IFERROR(BA7/W7*100,0) -> 0 | BN7: =IFERROR(BB7/X7*100,0) -> 0 | BO7: =IFERROR(BC7/Y7*100,0) -> 0 | BP7: =IFERROR(BD7/Z7*100,0) -> 0 | BQ7: =IFERROR(BE7/AA7*100,0) -> 0 | BR7: =IFERROR(BF7/AB7*100,0) -> 0 | BS7: =IFERROR(BG7/AC7*100,0) -> 0 | BT7: =IFERROR(BH7/AD7*100,0) -> 0 | BU7: =IFERROR(BI7/AE7*100,0) -> 0 | BV7: =(SUM(BA7:BI7)/SUM(W7:AE7))*100 -> #DIV/0! | BW7: =IF(BA7>0,1,0) -> 0 | BX7: =IF(BB7>0,1,0) -> 0 | BY7: =IF(BC7>0,1,0) -> 0 | BZ7: =IF(BD7>0,1,0) -> 0 | CA7: =IF(BE7>0,1,0) -> 0 | CB7: =IF(BF7>0,1,0) -> 0 | CC7: =IF(BG7>0,1,0) -> 0 | CD7: =IF(BH7>0,1,0) -> 0 | CE7: =IF(BI7>0,1,0) -> 0 | CG7: =BW7*W7 -> 0 | CH7: =BX7*X7 -> 0 | CI7: =BY7*Y7 -> 0 | CJ7: =BZ7*Z7 -> 0 | CK7: =CA7*AA7 -> 0 | CL7: =CB7*AB7 -> 0 | CM7: =CC7*AC7 -> 0 | CN7: =CD7*AD7 -> 0 | CO7: =CE7*AE7 -> 0
A8: =A7 -> Angola | B8: AEZ14 | C8: =_xlfn.CONCAT($A8,"#",$B8,"#",C$2) -> Angola#AEZ14#c_b | D8: =_xlfn.CONCAT($A8,"#",$B8,"#",D$2) -> Angola#AEZ14#ctl | E8: =_xlfn.CONCAT($A8,"#",$B8,"#",E$2) -> Angola#AEZ14#gro | F8: =_xlfn.CONCAT($A8,"#",$B8,"#",F$2) -> Angola#AEZ14#ocr | G8: =_xlfn.CONCAT($A8,"#",$B8,"#",G$2) -> Angola#AEZ14#osd | H8: =_xlfn.CONCAT($A8,"#",$B8,"#",H$2) -> Angola#AEZ14#pdr | I8: =_xlfn.CONCAT($A8,"#",$B8,"#",I$2) -> Angola#AEZ14#pfb | J8: =_xlfn.CONCAT($A8,"#",$B8,"#",J$2) -> Angola#AEZ14#v_f | K8: =_xlfn.CONCAT($A8,"#",$B8,"#",K$2) -> Angola#AEZ14#wht | M8: =IFERROR(_xlfn.IFNA(VLOOKUP(C8,Additional_LU_and_deforestation!$D:$E,2,FALSE)/VLOOKUP(C8,Land_Cover_MIN_MAX!$A:$C,2,FALSE),0),0) -> 0 | N8: =IFERROR(_xlfn.IFNA(VLOOKUP(D8,Additional_LU_and_deforestation!$D:$E,2,FALSE)/VLOOKUP(D8,Land_Cover_MIN_MAX!$A:$C,2,FALSE),0),0) -> 0 | O8: =IFERROR(_xlfn.IFNA(VLOOKUP(E8,Additional_LU_and_deforestation!$D:$E,2,FALSE)/VLOOKUP(E8,Land_Cover_MIN_MAX!$A:$C,2,FALSE),0),0) -> 0 | P8: =IFERROR(_xlfn.IFNA(VLOOKUP(F8,Additional_LU_and_deforestation!$D:$E,2,FALSE)/VLOOKUP(F8,Land_Cover_MIN_MAX!$A:$C,2,FALSE),0),0) -> 0 | Q8: =IFERROR(_xlfn.IFNA(VLOOKUP(G8,Additional_LU_and_deforestation!$D:$E,2,FALSE)/VLOOKUP(G8,Land_Cover_MIN_MAX!$A:$C,2,FALSE),0),0) -> 0 | R8: =IFERROR(_xlfn.IFNA(VLOOKUP(H8,Additional_LU_and_deforestation!$D:$E,2,FALSE)/VLOOKUP(H8,Land_Cover_MIN_MAX!$A:$C,2,FALSE),0),0) -> 0 | S8: =IFERROR(_xlfn.IFNA(VLOOKUP(I8,Additional_LU_and_deforestation!$D:$E,2,FALSE)/VLOOKUP(I8,Land_Cover_MIN_MAX!$A:$C,2,FALSE),0),0) -> 0 | T8: =IFERROR(_xlfn.IFNA(VLOOKUP(J8,Additional_LU_and_deforestation!$D:$E,2,FALSE)/VLOOKUP(J8,Land_Cover_MIN_MAX!$A:$C,2,FALSE),0),0) -> 0 | U8: =IFERROR(_xlfn.IFNA(VLOOKUP(K8,Additional_LU_and_deforestation!$D:$E,2,FALSE)/VLOOKUP(K8,Land_Cover_MIN_MAX!$A:$C,2,FALSE),0),0) -> 0 | W8: =VLOOKUP(C8,GTAP_area!$A:$F,6,FALSE) -> 0 | X8: =VLOOKUP(D8,GTAP_area!$A:$F,6,FALSE) -> 0 | Y8: =VLOOKUP(E8,GTAP_area!$A:$F,6,FALSE) -> 0 | Z8: =VLOOKUP(F8,GTAP_area!$A:$F,6,FALSE) -> 0 | AA8: =VLOOKUP(G8,GTAP_area!$A:$F,6,FALSE) -> 0 | AB8: =VLOOKUP(H8,GTAP_area!$A:$F,6,FALSE) -> 0 | AC8: =VLOOKUP(I8,GTAP_area!$A:$F,6,FALSE) -> 0 | AD8: =VLOOKUP(J8,GTAP_area!$A:$F,6,FALSE) -> 0 | AE8: =VLOOKUP(K8,GTAP_area!$A:$F,6,FALSE) -> 0 | AG8: =M8*W8 -> 0 | AH8: =N8*X8 -> 0 | AI8: =O8*Y8 -> 0 | AJ8: =P8*Z8 -> 0 | AK8: =Q8*AA8 -> 0 | AL8: =R8*AB8 -> 0 | AM8: =S8*AC8 -> 0 | AN8: =T8*AD8 -> 0 | AO8: =U8*AE8 -> 0 | AQ8: =IFERROR(GETPIVOTDATA("Coef. GTAP",Sheet3!$A$3,"Country",$A8,"AEZ",$B8,"Name",AQ$2),0) -> 0 | AR8: =IFERROR(GETPIVOTDATA("Coef. GTAP",Sheet3!$A$3,"Country",$A8,"AEZ",$B8,"Name",AR$2),0) -> 0 | AS8: =IFERROR(GETPIVOTDATA("Coef. GTAP",Sheet3!$A$3,"Country",$A8,"AEZ",$B8,"Name",AS$2),0) -> 0 | AT8: =IFERROR(GETPIVOTDATA("Coef. GTAP",Sheet3!$A$3,"Country",$A8,"AEZ",$B8,"Name",AT$2),0) -> 0 | AU8: =IFERROR(GETPIVOTDATA("Coef. GTAP",Sheet3!$A$3,"Country",$A8,"AEZ",$B8,"Name",AU$2),0) -> 0 | AV8: =IFERROR(GETPIVOTDATA("Coef. GTAP",Sheet3!$A$3,"Country",$A8,"AEZ",$B8,"Name",AV$2),0) -> 0 | AW8: =IFERROR(GETPIVOTDATA("Coef. GTAP",Sheet3!$A$3,"Country",$A8,"AEZ",$B8,"Name",AW$2),0) -> 0 | AX8: =IFERROR(GETPIVOTDATA("Coef. GTAP",Sheet3!$A$3,"Country",$A8,"AEZ",$B8,"Name",AX$2),0) -> 0 | AY8: =IFERROR(GETPIVOTDATA("Coef. GTAP",Sheet3!$A$3,"Country",$A8,"AEZ",$B8,"Name",AY$2),0) -> 0 | BA8: =AG8*AQ8 -> 0 | BB8: =AH8*AR8 -> 0 | BC8: =AI8*AS8 -> 0 | BD8: =AJ8*AT8 -> 0 | BE8: =AK8*AU8 -> 0 | BF8: =AL8*AV8 -> 0 | BG8: =AM8*AW8 -> 0 | BH8: =AN8*AX8 -> 0 | BI8: =AO8*AY8 -> 0 | BK8: =BK7 -> Angola | BL8: AEZ14 | BM8: =IFERROR(BA8/W8*100,0) -> 0 | BN8: =IFERROR(BB8/X8*100,0) -> 0 | BO8: =IFERROR(BC8/Y8*100,0) -> 0 | BP8: =IFERROR(BD8/Z8*100,0) -> 0 | BQ8: =IFERROR(BE8/AA8*100,0) -> 0 | BR8: =IFERROR(BF8/AB8*100,0) -> 0 | BS8: =IFERROR(BG8/AC8*100,0) -> 0 | BT8: =IFERROR(BH8/AD8*100,0) -> 0 | BU8: =IFERROR(BI8/AE8*100,0) -> 0 | BV8: =(SUM(BA8:BI8)/SUM(W8:AE8))*100 -> #DIV/0! | BW8: =IF(BA8>0,1,0) -> 0 | BX8: =IF(BB8>0,1,0) -> 0 | BY8: =IF(BC8>0,1,0) -> 0 | BZ8: =IF(BD8>0,1,0) -> 0 | CA8: =IF(BE8>0,1,0) -> 0 | CB8: =IF(BF8>0,1,0) -> 0 | CC8: =IF(BG8>0,1,0) -> 0 | CD8: =IF(BH8>0,1,0) -> 0 | CE8: =IF(BI8>0,1,0) -> 0 | CG8: =BW8*W8 -> 0 | CH8: =BX8*X8 -> 0 | CI8: =BY8*Y8 -> 0 | CJ8: =BZ8*Z8 -> 0 | CK8: =CA8*AA8 -> 0 | CL8: =CB8*AB8 -> 0 | CM8: =CC8*AC8 -> 0 | CN8: =CD8*AD8 -> 0 | CO8: =CE8*AE8 -> 0
A9: =A8 -> Angola | B9: AEZ15 | C9: =_xlfn.CONCAT($A9,"#",$B9,"#",C$2) -> Angola#AEZ15#c_b | D9: =_xlfn.CONCAT($A9,"#",$B9,"#",D$2) -> Angola#AEZ15#ctl | E9: =_xlfn.CONCAT($A9,"#",$B9,"#",E$2) -> Angola#AEZ15#gro | F9: =_xlfn.CONCAT($A9,"#",$B9,"#",F$2) -> Angola#AEZ15#ocr | G9: =_xlfn.CONCAT($A9,"#",$B9,"#",G$2) -> Angola#AEZ15#osd | H9: =_xlfn.CONCAT($A9,"#",$B9,"#",H$2) -> Angola#AEZ15#pdr | I9: =_xlfn.CONCAT($A9,"#",$B9,"#",I$2) -> Angola#AEZ15#pfb | J9: =_xlfn.CONCAT($A9,"#",$B9,"#",J$2) -> Angola#AEZ15#v_f | K9: =_xlfn.CONCAT($A9,"#",$B9,"#",K$2) -> Angola#AEZ15#wht | M9: =IFERROR(_xlfn.IFNA(VLOOKUP(C9,Additional_LU_and_deforestation!$D:$E,2,FALSE)/VLOOKUP(C9,Land_Cover_MIN_MAX!$A:$C,2,FALSE),0),0) -> 0 | N9: =IFERROR(_xlfn.IFNA(VLOOKUP(D9,Additional_LU_and_deforestation!$D:$E,2,FALSE)/VLOOKUP(D9,Land_Cover_MIN_MAX!$A:$C,2,FALSE),0),0) -> 0 | O9: =IFERROR(_xlfn.IFNA(VLOOKUP(E9,Additional_LU_and_deforestation!$D:$E,2,FALSE)/VLOOKUP(E9,Land_Cover_MIN_MAX!$A:$C,2,FALSE),0),0) -> 0 | P9: =IFERROR(_xlfn.IFNA(VLOOKUP(F9,Additional_LU_and_deforestation!$D:$E,2,FALSE)/VLOOKUP(F9,Land_Cover_MIN_MAX!$A:$C,2,FALSE),0),0) -> 0 | Q9: =IFERROR(_xlfn.IFNA(VLOOKUP(G9,Additional_LU_and_deforestation!$D:$E,2,FALSE)/VLOOKUP(G9,Land_Cover_MIN_MAX!$A:$C,2,FALSE),0),0) -> 0 | R9: =IFERROR(_xlfn.IFNA(VLOOKUP(H9,Additional_LU_and_deforestation!$D:$E,2,FALSE)/VLOOKUP(H9,Land_Cover_MIN_MAX!$A:$C,2,FALSE),0),0) -> 0 | S9: =IFERROR(_xlfn.IFNA(VLOOKUP(I9,Additional_LU_and_deforestation!$D:$E,2,FALSE)/VLOOKUP(I9,Land_Cover_MIN_MAX!$A:$C,2,FALSE),0),0) -> 0 | T9: =IFERROR(_xlfn.IFNA(VLOOKUP(J9,Additional_LU_and_deforestation!$D:$E,2,FALSE)/VLOOKUP(J9,Land_Cover_MIN_MAX!$A:$C,2,FALSE),0),0) -> 0 | U9: =IFERROR(_xlfn.IFNA(VLOOKUP(K9,Additional_LU_and_deforestation!$D:$E,2,FALSE)/VLOOKUP(K9,Land_Cover_MIN_MAX!$A:$C,2,FALSE),0),0) -> 0 | W9: =VLOOKUP(C9,GTAP_area!$A:$F,6,FALSE) -> 0 | X9: =VLOOKUP(D9,GTAP_area!$A:$F,6,FALSE) -> 0 | Y9: =VLOOKUP(E9,GTAP_area!$A:$F,6,FALSE) -> 0 | Z9: =VLOOKUP(F9,GTAP_area!$A:$F,6,FALSE) -> 0 | AA9: =VLOOKUP(G9,GTAP_area!$A:$F,6,FALSE) -> 0 | AB9: =VLOOKUP(H9,GTAP_area!$A:$F,6,FALSE) -> 0 | AC9: =VLOOKUP(I9,GTAP_area!$A:$F,6,FALSE) -> 0 | AD9: =VLOOKUP(J9,GTAP_area!$A:$F,6,FALSE) -> 0 | AE9: =VLOOKUP(K9,GTAP_area!$A:$F,6,FALSE) -> 0 | AG9: =M9*W9 -> 0 | AH9: =N9*X9 -> 0 | AI9: =O9*Y9 -> 0 | AJ9: =P9*Z9 -> 0 | AK9: =Q9*AA9 -> 0 | AL9: =R9*AB9 -> 0 | AM9: =S9*AC9 -> 0 | AN9: =T9*AD9 -> 0 | AO9: =U9*AE9 -> 0 | AQ9: =IFERROR(GETPIVOTDATA("Coef. GTAP",Sheet3!$A$3,"Country",$A9,"AEZ",$B9,"Name",AQ$2),0) -> 0 | AR9: =IFERROR(GETPIVOTDATA("Coef. GTAP",Sheet3!$A$3,"Country",$A9,"AEZ",$B9,"Name",AR$2),0) -> 0 | AS9: =IFERROR(GETPIVOTDATA("Coef. GTAP",Sheet3!$A$3,"Country",$A9,"AEZ",$B9,"Name",AS$2),0) -> 0 | AT9: =IFERROR(GETPIVOTDATA("Coef. GTAP",Sheet3!$A$3,"Country",$A9,"AEZ",$B9,"Name",AT$2),0) -> 0 | AU9: =IFERROR(GETPIVOTDATA("Coef. GTAP",Sheet3!$A$3,"Country",$A9,"AEZ",$B9,"Name",AU$2),0) -> 0 | AV9: =IFERROR(GETPIVOTDATA("Coef. GTAP",Sheet3!$A$3,"Country",$A9,"AEZ",$B9,"Name",AV$2),0) -> 0 | AW9: =IFERROR(GETPIVOTDATA("Coef. GTAP",Sheet3!$A$3,"Country",$A9,"AEZ",$B9,"Name",AW$2),0) -> 0 | AX9: =IFERROR(GETPIVOTDATA("Coef. GTAP",Sheet3!$A$3,"Country",$A9,"AEZ",$B9,"Name",AX$2),0) -> 0 | AY9: =IFERROR(GETPIVOTDATA("Coef. GTAP",Sheet3!$A$3,"Country",$A9,"AEZ",$B9,"Name",AY$2),0) -> 0 | BA9: =AG9*AQ9 -> 0 | BB9: =AH9*AR9 -> 0 | BC9: =AI9*AS9 -> 0 | BD9: =AJ9*AT9 -> 0 | BE9: =AK9*AU9 -> 0 | BF9: =AL9*AV9 -> 0 | BG9: =AM9*AW9 -> 0 | BH9: =AN9*AX9 -> 0 | BI9: =AO9*AY9 -> 0 | BK9: =BK8 -> Angola | BL9: AEZ15 | BM9: =IFERROR(BA9/W9*100,0) -> 0 | BN9: =IFERROR(BB9/X9*100,0) -> 0 | BO9: =IFERROR(BC9/Y9*100,0) -> 0 | BP9: =IFERROR(BD9/Z9*100,0) -> 0 | BQ9: =IFERROR(BE9/AA9*100,0) -> 0 | BR9: =IFERROR(BF9/AB9*100,0) -> 0 | BS9: =IFERROR(BG9/AC9*100,0) -> 0 | BT9: =IFERROR(BH9/AD9*100,0) -> 0 | BU9: =IFERROR(BI9/AE9*100,0) -> 0 | BV9: =(SUM(BA9:BI9)/SUM(W9:AE9))*100 -> #DIV/0! | BW9: =IF(BA9>0,1,0) -> 0 | BX9: =IF(BB9>0,1,0) -> 0 | BY9: =IF(BC9>0,1,0) -> 0 | BZ9: =IF(BD9>0,1,0) -> 0 | CA9: =IF(BE9>0,1,0) -> 0 | CB9: =IF(BF9>0,1,0) -> 0 | CC9: =IF(BG9>0,1,0) -> 0 | CD9: =IF(BH9>0,1,0) -> 0 | CE9: =IF(BI9>0,1,0) -> 0 | CG9: =BW9*W9 -> 0 | CH9: =BX9*X9 -> 0 | CI9: =BY9*Y9 -> 0 | CJ9: =BZ9*Z9 -> 0 | CK9: =CA9*AA9 -> 0 | CL9: =CB9*AB9 -> 0 | CM9: =CC9*AC9 -> 0 | CN9: =CD9*AD9 -> 0 | CO9: =CE9*AE9 -> 0
A10: =A9 -> Angola | B10: AEZ16 | C10: =_xlfn.CONCAT($A10,"#",$B10,"#",C$2) -> Angola#AEZ16#c_b | D10: =_xlfn.CONCAT($A10,"#",$B10,"#",D$2) -> Angola#AEZ16#ctl | E10: =_xlfn.CONCAT($A10,"#",$B10,"#",E$2) -> Angola#AEZ16#gro | F10: =_xlfn.CONCAT($A10,"#",$B10,"#",F$2) -> Angola#AEZ16#ocr | G10: =_xlfn.CONCAT($A10,"#",$B10,"#",G$2) -> Angola#AEZ16#osd | H10: =_xlfn.CONCAT($A10,"#",$B10,"#",H$2) -> Angola#AEZ16#pdr | I10: =_xlfn.CONCAT($A10,"#",$B10,"#",I$2) -> Angola#AEZ16#pfb | J10: =_xlfn.CONCAT($A10,"#",$B10,"#",J$2) -> Angola#AEZ16#v_f | K10: =_xlfn.CONCAT($A10,"#",$B10,"#",K$2) -> Angola#AEZ16#wht | M10: =IFERROR(_xlfn.IFNA(VLOOKUP(C10,Additional_LU_and_deforestation!$D:$E,2,FALSE)/VLOOKUP(C10,Land_Cover_MIN_MAX!$A:$C,2,FALSE),0),0) -> 0 | N10: =IFERROR(_xlfn.IFNA(VLOOKUP(D10,Additional_LU_and_deforestation!$D:$E,2,FALSE)/VLOOKUP(D10,Land_Cover_MIN_MAX!$A:$C,2,FALSE),0),0) -> 0 | O10: =IFERROR(_xlfn.IFNA(VLOOKUP(E10,Additional_LU_and_deforestation!$D:$E,2,FALSE)/VLOOKUP(E10,Land_Cover_MIN_MAX!$A:$C,2,FALSE),0),0) -> 0 | P10: =IFERROR(_xlfn.IFNA(VLOOKUP(F10,Additional_LU_and_deforestation!$D:$E,2,FALSE)/VLOOKUP(F10,Land_Cover_MIN_MAX!$A:$C,2,FALSE),0),0) -> 0 | Q10: =IFERROR(_xlfn.IFNA(VLOOKUP(G10,Additional_LU_and_deforestation!$D:$E,2,FALSE)/VLOOKUP(G10,Land_Cover_MIN_MAX!$A:$C,2,FALSE),0),0) -> 0 | R10: =IFERROR(_xlfn.IFNA(VLOOKUP(H10,Additional_LU_and_deforestation!$D:$E,2,FALSE)/VLOOKUP(H10,Land_Cover_MIN_MAX!$A:$C,2,FALSE),0),0) -> 0 | S10: =IFERROR(_xlfn.IFNA(VLOOKUP(I10,Additional_LU_and_deforestation!$D:$E,2,FALSE)/VLOOKUP(I10,Land_Cover_MIN_MAX!$A:$C,2,FALSE),0),0) -> 0 | T10: =IFERROR(_xlfn.IFNA(VLOOKUP(J10,Additional_LU_and_deforestation!$D:$E,2,FALSE)/VLOOKUP(J10,Land_Cover_MIN_MAX!$A:$C,2,FALSE),0),0) -> 0 | U10: =IFERROR(_xlfn.IFNA(VLOOKUP(K10,Additional_LU_and_deforestation!$D:$E,2,FALSE)/VLOOKUP(K10,Land_Cover_MIN_MAX!$A:$C,2,FALSE),0),0) -> 0 | W10: =VLOOKUP(C10,GTAP_area!$A:$F,6,FALSE) -> 0 | X10: =VLOOKUP(D10,GTAP_area!$A:$F,6,FALSE) -> 0 | Y10: =VLOOKUP(E10,GTAP_area!$A:$F,6,FALSE) -> 0 | Z10: =VLOOKUP(F10,GTAP_area!$A:$F,6,FALSE) -> 0 | AA10: =VLOOKUP(G10,GTAP_area!$A:$F,6,FALSE) -> 0 | AB10: =VLOOKUP(H10,GTAP_area!$A:$F,6,FALSE) -> 0 | AC10: =VLOOKUP(I10,GTAP_area!$A:$F,6,FALSE) -> 0 | AD10: =VLOOKUP(J10,GTAP_area!$A:$F,6,FALSE) -> 0 | AE10: =VLOOKUP(K10,GTAP_area!$A:$F,6,FALSE) -> 0 | AG10: =M10*W10 -> 0 | AH10: =N10*X10 -> 0 | AI10: =O10*Y10 -> 0 | AJ10: =P10*Z10 -> 0 | AK10: =Q10*AA10 -> 0 | AL10: =R10*AB10 -> 0 | AM10: =S10*AC10 -> 0 | AN10: =T10*AD10 -> 0 | AO10: =U10*AE10 -> 0 | AQ10: =IFERROR(GETPIVOTDATA("Coef. GTAP",Sheet3!$A$3,"Country",$A10,"AEZ",$B10,"Name",AQ$2),0) -> 0 | AR10: =IFERROR(GETPIVOTDATA("Coef. GTAP",Sheet3!$A$3,"Country",$A10,"AEZ",$B10,"Name",AR$2),0) -> 0 | AS10: =IFERROR(GETPIVOTDATA("Coef. GTAP",Sheet3!$A$3,"Country",$A10,"AEZ",$B10,"Name",AS$2),0) -> 0 | AT10: =IFERROR(GETPIVOTDATA("Coef. GTAP",Sheet3!$A$3,"Country",$A10,"AEZ",$B10,"Name",AT$2),0) -> 0 | AU10: =IFERROR(GETPIVOTDATA("Coef. GTAP",Sheet3!$A$3,"Country",$A10,"AEZ",$B10,"Name",AU$2),0) -> 0 | AV10: =IFERROR(GETPIVOTDATA("Coef. GTAP",Sheet3!$A$3,"Country",$A10,"AEZ",$B10,"Name",AV$2),0) -> 0 | AW10: =IFERROR(GETPIVOTDATA("Coef. GTAP",Sheet3!$A$3,"Country",$A10,"AEZ",$B10,"Name",AW$2),0) -> 0 | AX10: =IFERROR(GETPIVOTDATA("Coef. GTAP",Sheet3!$A$3,"Country",$A10,"AEZ",$B10,"Name",AX$2),0) -> 0 | AY10: =IFERROR(GETPIVOTDATA("Coef. GTAP",Sheet3!$A$3,"Country",$A10,"AEZ",$B10,"Name",AY$2),0) -> 0 | BA10: =AG10*AQ10 -> 0 | BB10: =AH10*AR10 -> 0 | BC10: =AI10*AS10 -> 0 | BD10: =AJ10*AT10 -> 0 | BE10: =AK10*AU10 -> 0 | BF10: =AL10*AV10 -> 0 | BG10: =AM10*AW10 -> 0 | BH10: =AN10*AX10 -> 0 | BI10: =AO10*AY10 -> 0 | BK10: =BK9 -> Angola | BL10: AEZ16 | BM10: =IFERROR(BA10/W10*100,0) -> 0 | BN10: =IFERROR(BB10/X10*100,0) -> 0 | BO10: =IFERROR(BC10/Y10*100,0) -> 0 | BP10: =IFERROR(BD10/Z10*100,0) -> 0 | BQ10: =IFERROR(BE10/AA10*100,0) -> 0 | BR10: =IFERROR(BF10/AB10*100,0) -> 0 | BS10: =IFERROR(BG10/AC10*100,0) -> 0 | BT10: =IFERROR(BH10/AD10*100,0) -> 0 | BU10: =IFERROR(BI10/AE10*100,0) -> 0 | BV10: =(SUM(BA10:BI10)/SUM(W10:AE10))*100 -> #DIV/0! | BW10: =IF(BA10>0,1,0) -> 0 | BX10: =IF(BB10>0,1,0) -> 0 | BY10: =IF(BC10>0,1,0) -> 0 | BZ10: =IF(BD10>0,1,0) -> 0 | CA10: =IF(BE10>0,1,0) -> 0 | CB10: =IF(BF10>0,1,0) -> 0 | CC10: =IF(BG10>0,1,0) -> 0 | CD10: =IF(BH10>0,1,0) -> 0 | CE10: =IF(BI10>0,1,0) -> 0 | CG10: =BW10*W10 -> 0 | CH10: =BX10*X10 -> 0 | CI10: =BY10*Y10 -> 0 | CJ10: =BZ10*Z10 -> 0 | CK10: =CA10*AA10 -> 0 | CL10: =CB10*AB10 -> 0 | CM10: =CC10*AC10 -> 0 | CN10: =CD10*AD10 -> 0 | CO10: =CE10*AE10 -> 0
A11: =A10 -> Angola | B11: AEZ17 | C11: =_xlfn.CONCAT($A11,"#",$B11,"#",C$2) -> Angola#AEZ17#c_b | D11: =_xlfn.CONCAT($A11,"#",$B11,"#",D$2) -> Angola#AEZ17#ctl | E11: =_xlfn.CONCAT($A11,"#",$B11,"#",E$2) -> Angola#AEZ17#gro | F11: =_xlfn.CONCAT($A11,"#",$B11,"#",F$2) -> Angola#AEZ17#ocr | G11: =_xlfn.CONCAT($A11,"#",$B11,"#",G$2) -> Angola#AEZ17#osd | H11: =_xlfn.CONCAT($A11,"#",$B11,"#",H$2) -> Angola#AEZ17#pdr | I11: =_xlfn.CONCAT($A11,"#",$B11,"#",I$2) -> Angola#AEZ17#pfb | J11: =_xlfn.CONCAT($A11,"#",$B11,"#",J$2) -> Angola#AEZ17#v_f | K11: =_xlfn.CONCAT($A11,"#",$B11,"#",K$2) -> Angola#AEZ17#wht | M11: =IFERROR(_xlfn.IFNA(VLOOKUP(C11,Additional_LU_and_deforestation!$D:$E,2,FALSE)/VLOOKUP(C11,Land_Cover_MIN_MAX!$A:$C,2,FALSE),0),0) -> 0 | N11: =IFERROR(_xlfn.IFNA(VLOOKUP(D11,Additional_LU_and_deforestation!$D:$E,2,FALSE)/VLOOKUP(D11,Land_Cover_MIN_MAX!$A:$C,2,FALSE),0),0) -> 0 | O11: =IFERROR(_xlfn.IFNA(VLOOKUP(E11,Additional_LU_and_deforestation!$D:$E,2,FALSE)/VLOOKUP(E11,Land_Cover_MIN_MAX!$A:$C,2,FALSE),0),0) -> 0 | P11: =IFERROR(_xlfn.IFNA(VLOOKUP(F11,Additional_LU_and_deforestation!$D:$E,2,FALSE)/VLOOKUP(F11,Land_Cover_MIN_MAX!$A:$C,2,FALSE),0),0) -> 0 | Q11: =IFERROR(_xlfn.IFNA(VLOOKUP(G11,Additional_LU_and_deforestation!$D:$E,2,FALSE)/VLOOKUP(G11,Land_Cover_MIN_MAX!$A:$C,2,FALSE),0),0) -> 0 | R11: =IFERROR(_xlfn.IFNA(VLOOKUP(H11,Additional_LU_and_deforestation!$D:$E,2,FALSE)/VLOOKUP(H11,Land_Cover_MIN_MAX!$A:$C,2,FALSE),0),0) -> 0 | S11: =IFERROR(_xlfn.IFNA(VLOOKUP(I11,Additional_LU_and_deforestation!$D:$E,2,FALSE)/VLOOKUP(I11,Land_Cover_MIN_MAX!$A:$C,2,FALSE),0),0) -> 0 | T11: =IFERROR(_xlfn.IFNA(VLOOKUP(J11,Additional_LU_and_deforestation!$D:$E,2,FALSE)/VLOOKUP(J11,Land_Cover_MIN_MAX!$A:$C,2,FALSE),0),0) -> 0 | U11: =IFERROR(_xlfn.IFNA(VLOOKUP(K11,Additional_LU_and_deforestation!$D:$E,2,FALSE)/VLOOKUP(K11,Land_Cover_MIN_MAX!$A:$C,2,FALSE),0),0) -> 0 | W11: =VLOOKUP(C11,GTAP_area!$A:$F,6,FALSE) -> 0 | X11: =VLOOKUP(D11,GTAP_area!$A:$F,6,FALSE) -> 0 | Y11: =VLOOKUP(E11,GTAP_area!$A:$F,6,FALSE) -> 0 | Z11: =VLOOKUP(F11,GTAP_area!$A:$F,6,FALSE) -> 0 | AA11: =VLOOKUP(G11,GTAP_area!$A:$F,6,FALSE) -> 0 | AB11: =VLOOKUP(H11,GTAP_area!$A:$F,6,FALSE) -> 0 | AC11: =VLOOKUP(I11,GTAP_area!$A:$F,6,FALSE) -> 0 | AD11: =VLOOKUP(J11,GTAP_area!$A:$F,6,FALSE) -> 0 | AE11: =VLOOKUP(K11,GTAP_area!$A:$F,6,FALSE) -> 0 | AG11: =M11*W11 -> 0 | AH11: =N11*X11 -> 0 | AI11: =O11*Y11 -> 0 | AJ11: =P11*Z11 -> 0 | AK11: =Q11*AA11 -> 0 | AL11: =R11*AB11 -> 0 | AM11: =S11*AC11 -> 0 | AN11: =T11*AD11 -> 0 | AO11: =U11*AE11 -> 0 | AQ11: =IFERROR(GETPIVOTDATA("Coef. GTAP",Sheet3!$A$3,"Country",$A11,"AEZ",$B11,"Name",AQ$2),0) -> 0 | AR11: =IFERROR(GETPIVOTDATA("Coef. GTAP",Sheet3!$A$3,"Country",$A11,"AEZ",$B11,"Name",AR$2),0) -> 0 | AS11: =IFERROR(GETPIVOTDATA("Coef. GTAP",Sheet3!$A$3,"Country",$A11,"AEZ",$B11,"Name",AS$2),0) -> 0 | AT11: =IFERROR(GETPIVOTDATA("Coef. GTAP",Sheet3!$A$3,"Country",$A11,"AEZ",$B11,"Name",AT$2),0) -> 0 | AU11: =IFERROR(GETPIVOTDATA("Coef. GTAP",Sheet3!$A$3,"Country",$A11,"AEZ",$B11,"Name",AU$2),0) -> 0 | AV11: =IFERROR(GETPIVOTDATA("Coef. GTAP",Sheet3!$A$3,"Country",$A11,"AEZ",$B11,"Name",AV$2),0) -> 0 | AW11: =IFERROR(GETPIVOTDATA("Coef. GTAP",Sheet3!$A$3,"Country",$A11,"AEZ",$B11,"Name",AW$2),0) -> 0 | AX11: =IFERROR(GETPIVOTDATA("Coef. GTAP",Sheet3!$A$3,"Country",$A11,"AEZ",$B11,"Name",AX$2),0) -> 0 | AY11: =IFERROR(GETPIVOTDATA("Coef. GTAP",Sheet3!$A$3,"Country",$A11,"AEZ",$B11,"Name",AY$2),0) -> 0 | BA11: =AG11*AQ11 -> 0 | BB11: =AH11*AR11 -> 0 | BC11: =AI11*AS11 -> 0 | BD11: =AJ11*AT11 -> 0 | BE11: =AK11*AU11 -> 0 | BF11: =AL11*AV11 -> 0 | BG11: =AM11*AW11 -> 0 | BH11: =AN11*AX11 -> 0 | BI11: =AO11*AY11 -> 0 | BK11: =BK10 -> Angola | BL11: AEZ17 | BM11: =IFERROR(BA11/W11*100,0) -> 0 | BN11: =IFERROR(BB11/X11*100,0) -> 0 | BO11: =IFERROR(BC11/Y11*100,0) -> 0 | BP11: =IFERROR(BD11/Z11*100,0) -> 0 | BQ11: =IFERROR(BE11/AA11*100,0) -> 0 | BR11: =IFERROR(BF11/AB11*100,0) -> 0 | BS11: =IFERROR(BG11/AC11*100,0) -> 0 | BT11: =IFERROR(BH11/AD11*100,0) -> 0 | BU11: =IFERROR(BI11/AE11*100,0) -> 0 | BV11: =(SUM(BA11:BI11)/SUM(W11:AE11))*100 -> #DIV/0! | BW11: =IF(BA11>0,1,0) -> 0 | BX11: =IF(BB11>0,1,0) -> 0 | BY11: =IF(BC11>0,1,0) -> 0 | BZ11: =IF(BD11>0,1,0) -> 0 | CA11: =IF(BE11>0,1,0) -> 0 | CB11: =IF(BF11>0,1,0) -> 0 | CC11: =IF(BG11>0,1,0) -> 0 | CD11: =IF(BH11>0,1,0) -> 0 | CE11: =IF(BI11>0,1,0) -> 0 | CG11: =BW11*W11 -> 0 | CH11: =BX11*X11 -> 0 | CI11: =BY11*Y11 -> 0 | CJ11: =BZ11*Z11 -> 0 | CK11: =CA11*AA11 -> 0 | CL11: =CB11*AB11 -> 0 | CM11: =CC11*AC11 -> 0 | CN11: =CD11*AD11 -> 0 | CO11: =CE11*AE11 -> 0
A12: =A11 -> Angola | B12: AEZ18 | C12: =_xlfn.CONCAT($A12,"#",$B12,"#",C$2) -> Angola#AEZ18#c_b | D12: =_xlfn.CONCAT($A12,"#",$B12,"#",D$2) -> Angola#AEZ18#ctl | E12: =_xlfn.CONCAT($A12,"#",$B12,"#",E$2) -> Angola#AEZ18#gro | F12: =_xlfn.CONCAT($A12,"#",$B12,"#",F$2) -> Angola#AEZ18#ocr | G12: =_xlfn.CONCAT($A12,"#",$B12,"#",G$2) -> Angola#AEZ18#osd | H12: =_xlfn.CONCAT($A12,"#",$B12,"#",H$2) -> Angola#AEZ18#pdr | I12: =_xlfn.CONCAT($A12,"#",$B12,"#",I$2) -> Angola#AEZ18#pfb | J12: =_xlfn.CONCAT($A12,"#",$B12,"#",J$2) -> Angola#AEZ18#v_f | K12: =_xlfn.CONCAT($A12,"#",$B12,"#",K$2) -> Angola#AEZ18#wht | M12: =IFERROR(_xlfn.IFNA(VLOOKUP(C12,Additional_LU_and_deforestation!$D:$E,2,FALSE)/VLOOKUP(C12,Land_Cover_MIN_MAX!$A:$C,2,FALSE),0),0) -> 0 | N12: =IFERROR(_xlfn.IFNA(VLOOKUP(D12,Additional_LU_and_deforestation!$D:$E,2,FALSE)/VLOOKUP(D12,Land_Cover_MIN_MAX!$A:$C,2,FALSE),0),0) -> 0 | O12: =IFERROR(_xlfn.IFNA(VLOOKUP(E12,Additional_LU_and_deforestation!$D:$E,2,FALSE)/VLOOKUP(E12,Land_Cover_MIN_MAX!$A:$C,2,FALSE),0),0) -> 0 | P12: =IFERROR(_xlfn.IFNA(VLOOKUP(F12,Additional_LU_and_deforestation!$D:$E,2,FALSE)/VLOOKUP(F12,Land_Cover_MIN_MAX!$A:$C,2,FALSE),0),0) -> 0 | Q12: =IFERROR(_xlfn.IFNA(VLOOKUP(G12,Additional_LU_and_deforestation!$D:$E,2,FALSE)/VLOOKUP(G12,Land_Cover_MIN_MAX!$A:$C,2,FALSE),0),0) -> 0 | R12: =IFERROR(_xlfn.IFNA(VLOOKUP(H12,Additional_LU_and_deforestation!$D:$E,2,FALSE)/VLOOKUP(H12,Land_Cover_MIN_MAX!$A:$C,2,FALSE),0),0) -> 0 | S12: =IFERROR(_xlfn.IFNA(VLOOKUP(I12,Additional_LU_and_deforestation!$D:$E,2,FALSE)/VLOOKUP(I12,Land_Cover_MIN_MAX!$A:$C,2,FALSE),0),0) -> 0 | T12: =IFERROR(_xlfn.IFNA(VLOOKUP(J12,Additional_LU_and_deforestation!$D:$E,2,FALSE)/VLOOKUP(J12,Land_Cover_MIN_MAX!$A:$C,2,FALSE),0),0) -> 0 | U12: =IFERROR(_xlfn.IFNA(VLOOKUP(K12,Additional_LU_and_deforestation!$D:$E,2,FALSE)/VLOOKUP(K12,Land_Cover_MIN_MAX!$A:$C,2,FALSE),0),0) -> 0 | W12: =VLOOKUP(C12,GTAP_area!$A:$F,6,FALSE) -> 0 | X12: =VLOOKUP(D12,GTAP_area!$A:$F,6,FALSE) -> 0 | Y12: =VLOOKUP(E12,GTAP_area!$A:$F,6,FALSE) -> 0 | Z12: =VLOOKUP(F12,GTAP_area!$A:$F,6,FALSE) -> 0 | AA12: =VLOOKUP(G12,GTAP_area!$A:$F,6,FALSE) -> 0 | AB12: =VLOOKUP(H12,GTAP_area!$A:$F,6,FALSE) -> 0 | AC12: =VLOOKUP(I12,GTAP_area!$A:$F,6,FALSE) -> 0 | AD12: =VLOOKUP(J12,GTAP_area!$A:$F,6,FALSE) -> 0 | AE12: =VLOOKUP(K12,GTAP_area!$A:$F,6,FALSE) -> 0 | AG12: =M12*W12 -> 0 | AH12: =N12*X12 -> 0 | AI12: =O12*Y12 -> 0 | AJ12: =P12*Z12 -> 0 | AK12: =Q12*AA12 -> 0 | AL12: =R12*AB12 -> 0 | AM12: =S12*AC12 -> 0 | AN12: =T12*AD12 -> 0 | AO12: =U12*AE12 -> 0 | AQ12: =IFERROR(GETPIVOTDATA("Coef. GTAP",Sheet3!$A$3,"Country",$A12,"AEZ",$B12,"Name",AQ$2),0) -> 0 | AR12: =IFERROR(GETPIVOTDATA("Coef. GTAP",Sheet3!$A$3,"Country",$A12,"AEZ",$B12,"Name",AR$2),0) -> 0 | AS12: =IFERROR(GETPIVOTDATA("Coef. GTAP",Sheet3!$A$3,"Country",$A12,"AEZ",$B12,"Name",AS$2),0) -> 0 | AT12: =IFERROR(GETPIVOTDATA("Coef. GTAP",Sheet3!$A$3,"Country",$A12,"AEZ",$B12,"Name",AT$2),0) -> 0 | AU12: =IFERROR(GETPIVOTDATA("Coef. GTAP",Sheet3!$A$3,"Country",$A12,"AEZ",$B12,"Name",AU$2),0) -> 0 | AV12: =IFERROR(GETPIVOTDATA("Coef. GTAP",Sheet3!$A$3,"Country",$A12,"AEZ",$B12,"Name",AV$2),0) -> 0 | AW12: =IFERROR(GETPIVOTDATA("Coef. GTAP",Sheet3!$A$3,"Country",$A12,"AEZ",$B12,"Name",AW$2),0) -> 0 | AX12: =IFERROR(GETPIVOTDATA("Coef. GTAP",Sheet3!$A$3,"Country",$A12,"AEZ",$B12,"Name",AX$2),0) -> 0 | AY12: =IFERROR(GETPIVOTDATA("Coef. GTAP",Sheet3!$A$3,"Country",$A12,"AEZ",$B12,"Name",AY$2),0) -> 0 | BA12: =AG12*AQ12 -> 0 | BB12: =AH12*AR12 -> 0 | BC12: =AI12*AS12 -> 0 | BD12: =AJ12*AT12 -> 0 | BE12: =AK12*AU12 -> 0 | BF12: =AL12*AV12 -> 0 | BG12: =AM12*AW12 -> 0 | BH12: =AN12*AX12 -> 0 | BI12: =AO12*AY12 -> 0 | BK12: =BK11 -> Angola | BL12: AEZ18 | BM12: =IFERROR(BA12/W12*100,0) -> 0 | BN12: =IFERROR(BB12/X12*100,0) -> 0 | BO12: =IFERROR(BC12/Y12*100,0) -> 0 | BP12: =IFERROR(BD12/Z12*100,0) -> 0 | BQ12: =IFERROR(BE12/AA12*100,0) -> 0 | BR12: =IFERROR(BF12/AB12*100,0) -> 0 | BS12: =IFERROR(BG12/AC12*100,0) -> 0 | BT12: =IFERROR(BH12/AD12*100,0) -> 0 | BU12: =IFERROR(BI12/AE12*100,0) -> 0 | BV12: =(SUM(BA12:BI12)/SUM(W12:AE12))*100 -> #DIV/0! | BW12: =IF(BA12>0,1,0) -> 0 | BX12: =IF(BB12>0,1,0) -> 0 | BY12: =IF(BC12>0,1,0) -> 0 | BZ12: =IF(BD12>0,1,0) -> 0 | CA12: =IF(BE12>0,1,0) -> 0 | CB12: =IF(BF12>0,1,0) -> 0 | CC12: =IF(BG12>0,1,0) -> 0 | CD12: =IF(BH12>0,1,0) -> 0 | CE12: =IF(BI12>0,1,0) -> 0 | CG12: =BW12*W12 -> 0 | CH12: =BX12*X12 -> 0 | CI12: =BY12*Y12 -> 0 | CJ12: =BZ12*Z12 -> 0 | CK12: =CA12*AA12 -> 0 | CL12: =CB12*AB12 -> 0 | CM12: =CC12*AC12 -> 0 | CN12: =CD12*AD12 -> 0 | CO12: =CE12*AE12 -> 0
A13: =A12 -> Angola | B13: AEZ2 | C13: =_xlfn.CONCAT($A13,"#",$B13,"#",C$2) -> Angola#AEZ2#c_b | D13: =_xlfn.CONCAT($A13,"#",$B13,"#",D$2) -> Angola#AEZ2#ctl | E13: =_xlfn.CONCAT($A13,"#",$B13,"#",E$2) -> Angola#AEZ2#gro | F13: =_xlfn.CONCAT($A13,"#",$B13,"#",F$2) -> Angola#AEZ2#ocr | G13: =_xlfn.CONCAT($A13,"#",$B13,"#",G$2) -> Angola#AEZ2#osd | H13: =_xlfn.CONCAT($A13,"#",$B13,"#",H$2) -> Angola#AEZ2#pdr | I13: =_xlfn.CONCAT($A13,"#",$B13,"#",I$2) -> Angola#AEZ2#pfb | J13: =_xlfn.CONCAT($A13,"#",$B13,"#",J$2) -> Angola#AEZ2#v_f | K13: =_xlfn.CONCAT($A13,"#",$B13,"#",K$2) -> Angola#AEZ2#wht | M13: =IFERROR(_xlfn.IFNA(VLOOKUP(C13,Additional_LU_and_deforestation!$D:$E,2,FALSE)/VLOOKUP(C13,Land_Cover_MIN_MAX!$A:$C,2,FALSE),0),0) -> 0 | N13: =IFERROR(_xlfn.IFNA(VLOOKUP(D13,Additional_LU_and_deforestation!$D:$E,2,FALSE)/VLOOKUP(D13,Land_Cover_MIN_MAX!$A:$C,2,FALSE),0),0) -> 0 | O13: =IFERROR(_xlfn.IFNA(VLOOKUP(E13,Additional_LU_and_deforestation!$D:$E,2,FALSE)/VLOOKUP(E13,Land_Cover_MIN_MAX!$A:$C,2,FALSE),0),0) -> 0 | P13: =IFERROR(_xlfn.IFNA(VLOOKUP(F13,Additional_LU_and_deforestation!$D:$E,2,FALSE)/VLOOKUP(F13,Land_Cover_MIN_MAX!$A:$C,2,FALSE),0),0) -> 0 | Q13: =IFERROR(_xlfn.IFNA(VLOOKUP(G13,Additional_LU_and_deforestation!$D:$E,2,FALSE)/VLOOKUP(G13,Land_Cover_MIN_MAX!$A:$C,2,FALSE),0),0) -> 0 | R13: =IFERROR(_xlfn.IFNA(VLOOKUP(H13,Additional_LU_and_deforestation!$D:$E,2,FALSE)/VLOOKUP(H13,Land_Cover_MIN_MAX!$A:$C,2,FALSE),0),0) -> 0 | S13: =IFERROR(_xlfn.IFNA(VLOOKUP(I13,Additional_LU_and_deforestation!$D:$E,2,FALSE)/VLOOKUP(I13,Land_Cover_MIN_MAX!$A:$C,2,FALSE),0),0) -> 0 | T13: =IFERROR(_xlfn.IFNA(VLOOKUP(J13,Additional_LU_and_deforestation!$D:$E,2,FALSE)/VLOOKUP(J13,Land_Cover_MIN_MAX!$A:$C,2,FALSE),0),0) -> 0 | U13: =IFERROR(_xlfn.IFNA(VLOOKUP(K13,Additional_LU_and_deforestation!$D:$E,2,FALSE)/VLOOKUP(K13,Land_Cover_MIN_MAX!$A:$C,2,FALSE),0),0) -> 0 | W13: =VLOOKUP(C13,GTAP_area!$A:$F,6,FALSE) -> 340 | X13: =VLOOKUP(D13,GTAP_area!$A:$F,6,FALSE) -> 300060 | Y13: =VLOOKUP(E13,GTAP_area!$A:$F,6,FALSE) -> 45840 | Z13: =VLOOKUP(F13,GTAP_area!$A:$F,6,FALSE) -> 790 | AA13: =VLOOKUP(G13,GTAP_area!$A:$F,6,FALSE) -> 6710 | AB13: =VLOOKUP(H13,GTAP_area!$A:$F,6,FALSE) -> 110 | AC13: =VLOOKUP(I13,GTAP_area!$A:$F,6,FALSE) -> 80 | AD13: =VLOOKUP(J13,GTAP_area!$A:$F,6,FALSE) -> 38740 | AE13: =VLOOKUP(K13,GTAP_area!$A:$F,6,FALSE) -> 110 | AG13: =M13*W13 -> 0 | AH13: =N13*X13 -> 0 | AI13: =O13*Y13 -> 0 | AJ13: =P13*Z13 -> 0 | AK13: =Q13*AA13 -> 0 | AL13: =R13*AB13 -> 0 | AM13: =S13*AC13 -> 0 | AN13: =T13*AD13 -> 0 | AO13: =U13*AE13 -> 0 | AQ13: =IFERROR(GETPIVOTDATA("Coef. GTAP",Sheet3!$A$3,"Country",$A13,"AEZ",$B13,"Name",AQ$2),0) -> 0 | AR13: =IFERROR(GETPIVOTDATA("Coef. GTAP",Sheet3!$A$3,"Country",$A13,"AEZ",$B13,"Name",AR$2),0) -> 0 | AS13: =IFERROR(GETPIVOTDATA("Coef. GTAP",Sheet3!$A$3,"Country",$A13,"AEZ",$B13,"Name",AS$2),0) -> 0 | AT13: =IFERROR(GETPIVOTDATA("Coef. GTAP",Sheet3!$A$3,"Country",$A13,"AEZ",$B13,"Name",AT$2),0) -> 0 | AU13: =IFERROR(GETPIVOTDATA("Coef. GTAP",Sheet3!$A$3,"Country",$A13,"AEZ",$B13,"Name",AU$2),0) -> 0 | AV13: =IFERROR(GETPIVOTDATA("Coef. GTAP",Sheet3!$A$3,"Country",$A13,"AEZ",$B13,"Name",AV$2),0) -> 0 | AW13: =IFERROR(GETPIVOTDATA("Coef. GTAP",Sheet3!$A$3,"Country",$A13,"AEZ",$B13,"Name",AW$2),0) -> 0 | AX13: =IFERROR(GETPIVOTDATA("Coef. GTAP",Sheet3!$A$3,"Country",$A13,"AEZ",$B13,"Name",AX$2),0) -> 0 | AY13: =IFERROR(GETPIVOTDATA("Coef. GTAP",Sheet3!$A$3,"Country",$A13,"AEZ",$B13,"Name",AY$2),0) -> 0 | BA13: =AG13*AQ13 -> 0 | BB13: =AH13*AR13 -> 0 | BC13: =AI13*AS13 -> 0 | BD13: =AJ13*AT13 -> 0 | BE13: =AK13*AU13 -> 0 | BF13: =AL13*AV13 -> 0 | BG13: =AM13*AW13 -> 0 | BH13: =AN13*AX13 -> 0 | BI13: =AO13*AY13 -> 0 | BK13: =BK12 -> Angola | BL13: AEZ2 | BM13: =IFERROR(BA13/W13*100,0) -> 0 | BN13: =IFERROR(BB13/X13*100,0) -> 0 | BO13: =IFERROR(BC13/Y13*100,0) -> 0 | BP13: =IFERROR(BD13/Z13*100,0) -> 0 | BQ13: =IFERROR(BE13/AA13*100,0) -> 0 | BR13: =IFERROR(BF13/AB13*100,0) -> 0 | BS13: =IFERROR(BG13/AC13*100,0) -> 0 | BT13: =IFERROR(BH13/AD13*100,0) -> 0 | BU13: =IFERROR(BI13/AE13*100,0) -> 0 | BV13: =(SUM(BA13:BI13)/SUM(W13:AE13))*100 -> 0 | BW13: =IF(BA13>0,1,0) -> 0 | BX13: =IF(BB13>0,1,0) -> 0 | BY13: =IF(BC13>0,1,0) -> 0 | BZ13: =IF(BD13>0,1,0) -> 0 | CA13: =IF(BE13>0,1,0) -> 0 | CB13: =IF(BF13>0,1,0) -> 0 | CC13: =IF(BG13>0,1,0) -> 0 | CD13: =IF(BH13>0,1,0) -> 0 | CE13: =IF(BI13>0,1,0) -> 0 | CG13: =BW13*W13 -> 0 | CH13: =BX13*X13 -> 0 | CI13: =BY13*Y13 -> 0 | CJ13: =BZ13*Z13 -> 0 | CK13: =CA13*AA13 -> 0 | CL13: =CB13*AB13 -> 0 | CM13: =CC13*AC13 -> 0 | CN13: =CD13*AD13 -> 0 | CO13: =CE13*AE13 -> 0
A14: =A13 -> Angola | B14: AEZ3 | C14: =_xlfn.CONCAT($A14,"#",$B14,"#",C$2) -> Angola#AEZ3#c_b | D14: =_xlfn.CONCAT($A14,"#",$B14,"#",D$2) -> Angola#AEZ3#ctl | E14: =_xlfn.CONCAT($A14,"#",$B14,"#",E$2) -> Angola#AEZ3#gro | F14: =_xlfn.CONCAT($A14,"#",$B14,"#",F$2) -> Angola#AEZ3#ocr | G14: =_xlfn.CONCAT($A14,"#",$B14,"#",G$2) -> Angola#AEZ3#osd | H14: =_xlfn.CONCAT($A14,"#",$B14,"#",H$2) -> Angola#AEZ3#pdr | I14: =_xlfn.CONCAT($A14,"#",$B14,"#",I$2) -> Angola#AEZ3#pfb | J14: =_xlfn.CONCAT($A14,"#",$B14,"#",J$2) -> Angola#AEZ3#v_f | K14: =_xlfn.CONCAT($A14,"#",$B14,"#",K$2) -> Angola#AEZ3#wht | M14: =IFERROR(_xlfn.IFNA(VLOOKUP(C14,Additional_LU_and_deforestation!$D:$E,2,FALSE)/VLOOKUP(C14,Land_Cover_MIN_MAX!$A:$C,2,FALSE),0),0) -> 0.54462059 | N14: =IFERROR(_xlfn.IFNA(VLOOKUP(D14,Additional_LU_and_deforestation!$D:$E,2,FALSE)/VLOOKUP(D14,Land_Cover_MIN_MAX!$A:$C,2,FALSE),0),0) -> 0.00020411594 | O14: =IFERROR(_xlfn.IFNA(VLOOKUP(E14,Additional_LU_and_deforestation!$D:$E,2,FALSE)/VLOOKUP(E14,Land_Cover_MIN_MAX!$A:$C,2,FALSE),0),0) -> 3.0223148 | P14: =IFERROR(_xlfn.IFNA(VLOOKUP(F14,Additional_LU_and_deforestation!$D:$E,2,FALSE)/VLOOKUP(F14,Land_Cover_MIN_MAX!$A:$C,2,FALSE),0),0) -> 0.91005489 | Q14: =IFERROR(_xlfn.IFNA(VLOOKUP(G14,Additional_LU_and_deforestation!$D:$E,2,FALSE)/VLOOKUP(G14,Land_Cover_MIN_MAX!$A:$C,2,FALSE),0),0) -> 0.4505373 | R14: =IFERROR(_xlfn.IFNA(VLOOKUP(H14,Additional_LU_and_deforestation!$D:$E,2,FALSE)/VLOOKUP(H14,Land_Cover_MIN_MAX!$A:$C,2,FALSE),0),0) -> 1.0345729 | S14: =IFERROR(_xlfn.IFNA(VLOOKUP(I14,Additional_LU_and_deforestation!$D:$E,2,FALSE)/VLOOKUP(I14,Land_Cover_MIN_MAX!$A:$C,2,FALSE),0),0) -> 0.31656961 | T14: =IFERROR(_xlfn.IFNA(VLOOKUP(J14,Additional_LU_and_deforestation!$D:$E,2,FALSE)/VLOOKUP(J14,Land_Cover_MIN_MAX!$A:$C,2,FALSE),0),0) -> 0.66891404 | U14: =IFERROR(_xlfn.IFNA(VLOOKUP(K14,Additional_LU_and_deforestation!$D:$E,2,FALSE)/VLOOKUP(K14,Land_Cover_MIN_MAX!$A:$C,2,FALSE),0),0) -> 0.25970956 | W14: =VLOOKUP(C14,GTAP_area!$A:$F,6,FALSE) -> 2450 | X14: =VLOOKUP(D14,GTAP_area!$A:$F,6,FALSE) -> 4761210 | Y14: =VLOOKUP(E14,GTAP_area!$A:$F,6,FALSE) -> 229920 | Z14: =VLOOKUP(F14,GTAP_area!$A:$F,6,FALSE) -> 5780 | AA14: =VLOOKUP(G14,GTAP_area!$A:$F,6,FALSE) -> 48890 | AB14: =VLOOKUP(H14,GTAP_area!$A:$F,6,FALSE) -> 780 | AC14: =VLOOKUP(I14,GTAP_area!$A:$F,6,FALSE) -> 590 | AD14: =VLOOKUP(J14,GTAP_area!$A:$F,6,FALSE) -> 282130 | AE14: =VLOOKUP(K14,GTAP_area!$A:$F,6,FALSE) -> 800 | AG14: =M14*W14 -> 1334.3204 | AH14: =N14*X14 -> 971.83884 | AI14: =O14*Y14 -> 694890.63 | AJ14: =P14*Z14 -> 5260.1172 | AK14: =Q14*AA14 -> 22026.769 | AL14: =R14*AB14 -> 806.96685 | AM14: =S14*AC14 -> 186.77607 | AN14: =T14*AD14 -> 188720.72 | AO14: =U14*AE14 -> 207.76765 | AQ14: =IFERROR(GETPIVOTDATA("Coef. GTAP",Sheet3!$A$3,"Country",$A14,"AEZ",$B14,"Name",AQ$2),0) -> 0.0020750639 | AR14: =IFERROR(GETPIVOTDATA("Coef. GTAP",Sheet3!$A$3,"Country",$A14,"AEZ",$B14,"Name",AR$2),0) -> 1 | AS14: =IFERROR(GETPIVOTDATA("Coef. GTAP",Sheet3!$A$3,"Country",$A14,"AEZ",$B14,"Name",AS$2),0) -> 0.0062084337 | AT14: =IFERROR(GETPIVOTDATA("Coef. GTAP",Sheet3!$A$3,"Country",$A14,"AEZ",$B14,"Name",AT$2),0) -> 0.0084255688 | AU14: =IFERROR(GETPIVOTDATA("Coef. GTAP",Sheet3!$A$3,"Country",$A14,"AEZ",$B14,"Name",AU$2),0) -> 0.0080693317 | AV14: =IFERROR(GETPIVOTDATA("Coef. GTAP",Sheet3!$A$3,"Country",$A14,"AEZ",$B14,"Name",AV$2),0) -> 0.0068850557 | AW14: =IFERROR(GETPIVOTDATA("Coef. GTAP",Sheet3!$A$3,"Country",$A14,"AEZ",$B14,"Name",AW$2),0) -> 0.0019415112 | AX14: =IFERROR(GETPIVOTDATA("Coef. GTAP",Sheet3!$A$3,"Country",$A14,"AEZ",$B14,"Name",AX$2),0) -> 0.004825886 | AY14: =IFERROR(GETPIVOTDATA("Coef. GTAP",Sheet3!$A$3,"Country",$A14,"AEZ",$B14,"Name",AY$2),0) -> 0.0057419543 | BA14: =AG14*AQ14 -> 2.7688002 | BB14: =AH14*AR14 -> 971.83884 | BC14: =AI14*AS14 -> 4314.1824 | BD14: =AJ14*AT14 -> 44.31948 | BE14: =AK14*AU14 -> 177.7413 | BF14: =AL14*AV14 -> 5.5560117 | BG14: =AM14*AW14 -> 0.36262784 | BH14: =AN14*AX14 -> 910.74468 | BI14: =AO14*AY14 -> 1.1929923 | BK14: =BK13 -> Angola | BL14: AEZ3 | BM14: =IFERROR(BA14/W14*100,0) -> 0.11301226 | BN14: =IFERROR(BB14/X14*100,0) -> 0.020411594 | BO14: =IFERROR(BC14/Y14*100,0) -> 1.8763841 | BP14: =IFERROR(BD14/Z14*100,0) -> 0.766773 | BQ14: =IFERROR(BE14/AA14*100,0) -> 0.36355349 | BR14: =IFERROR(BF14/AB14*100,0) -> 0.71230919 | BS14: =IFERROR(BG14/AC14*100,0) -> 0.061462346 | BT14: =IFERROR(BH14/AD14*100,0) -> 0.32281029 | BU14: =IFERROR(BI14/AE14*100,0) -> 0.14912404 | BV14: =(SUM(BA14:BI14)/SUM(W14:AE14))*100 -> 0.12055597 | BW14: =IF(BA14>0,1,0) -> 1 | BX14: =IF(BB14>0,1,0) -> 1 | BY14: =IF(BC14>0,1,0) -> 1 | BZ14: =IF(BD14>0,1,0) -> 1 | CA14: =IF(BE14>0,1,0) -> 1 | CB14: =IF(BF14>0,1,0) -> 1 | CC14: =IF(BG14>0,1,0) -> 1 | CD14: =IF(BH14>0,1,0) -> 1 | CE14: =IF(BI14>0,1,0) -> 1 | CG14: =BW14*W14 -> 2450 | CH14: =BX14*X14 -> 4761210 | CI14: =BY14*Y14 -> 229920 | CJ14: =BZ14*Z14 -> 5780 | CK14: =CA14*AA14 -> 48890 | CL14: =CB14*AB14 -> 780 | CM14: =CC14*AC14 -> 590 | CN14: =CD14*AD14 -> 282130 | CO14: =CE14*AE14 -> 800
A15: =A14 -> Angola | B15: AEZ4 | C15: =_xlfn.CONCAT($A15,"#",$B15,"#",C$2) -> Angola#AEZ4#c_b | D15: =_xlfn.CONCAT($A15,"#",$B15,"#",D$2) -> Angola#AEZ4#ctl | E15: =_xlfn.CONCAT($A15,"#",$B15,"#",E$2) -> Angola#AEZ4#gro | F15: =_xlfn.CONCAT($A15,"#",$B15,"#",F$2) -> Angola#AEZ4#ocr | G15: =_xlfn.CONCAT($A15,"#",$B15,"#",G$2) -> Angola#AEZ4#osd | H15: =_xlfn.CONCAT($A15,"#",$B15,"#",H$2) -> Angola#AEZ4#pdr | I15: =_xlfn.CONCAT($A15,"#",$B15,"#",I$2) -> Angola#AEZ4#pfb | J15: =_xlfn.CONCAT($A15,"#",$B15,"#",J$2) -> Angola#AEZ4#v_f | K15: =_xlfn.CONCAT($A15,"#",$B15,"#",K$2) -> Angola#AEZ4#wht | M15: =IFERROR(_xlfn.IFNA(VLOOKUP(C15,Additional_LU_and_deforestation!$D:$E,2,FALSE)/VLOOKUP(C15,Land_Cover_MIN_MAX!$A:$C,2,FALSE),0),0) -> 0.54462059 | N15: =IFERROR(_xlfn.IFNA(VLOOKUP(D15,Additional_LU_and_deforestation!$D:$E,2,FALSE)/VLOOKUP(D15,Land_Cover_MIN_MAX!$A:$C,2,FALSE),0),0) -> 0.062975539 | O15: =IFERROR(_xlfn.IFNA(VLOOKUP(E15,Additional_LU_and_deforestation!$D:$E,2,FALSE)/VLOOKUP(E15,Land_Cover_MIN_MAX!$A:$C,2,FALSE),0),0) -> 3.0223148 | P15: =IFERROR(_xlfn.IFNA(VLOOKUP(F15,Additional_LU_and_deforestation!$D:$E,2,FALSE)/VLOOKUP(F15,Land_Cover_MIN_MAX!$A:$C,2,FALSE),0),0) -> 0.91005489 | Q15: =IFERROR(_xlfn.IFNA(VLOOKUP(G15,Additional_LU_and_deforestation!$D:$E,2,FALSE)/VLOOKUP(G15,Land_Cover_MIN_MAX!$A:$C,2,FALSE),0),0) -> 0.4505373 | R15: =IFERROR(_xlfn.IFNA(VLOOKUP(H15,Additional_LU_and_deforestation!$D:$E,2,FALSE)/VLOOKUP(H15,Land_Cover_MIN_MAX!$A:$C,2,FALSE),0),0) -> 1.0345729 | S15: =IFERROR(_xlfn.IFNA(VLOOKUP(I15,Additional_LU_and_deforestation!$D:$E,2,FALSE)/VLOOKUP(I15,Land_Cover_MIN_MAX!$A:$C,2,FALSE),0),0) -> 0.31656961 | T15: =IFERROR(_xlfn.IFNA(VLOOKUP(J15,Additional_LU_and_deforestation!$D:$E,2,FALSE)/VLOOKUP(J15,Land_Cover_MIN_MAX!$A:$C,2,FALSE),0),0) -> 0.66891404 | U15: =IFERROR(_xlfn.IFNA(VLOOKUP(K15,Additional_LU_and_deforestation!$D:$E,2,FALSE)/VLOOKUP(K15,Land_Cover_MIN_MAX!$A:$C,2,FALSE),0),0) -> 0.25970956 | W15: =VLOOKUP(C15,GTAP_area!$A:$F,6,FALSE) -> 10300 | X15: =VLOOKUP(D15,GTAP_area!$A:$F,6,FALSE) -> 16737130 | Y15: =VLOOKUP(E15,GTAP_area!$A:$F,6,FALSE) -> 1733480 | Z15: =VLOOKUP(F15,GTAP_area!$A:$F,6,FALSE) -> 24300 | AA15: =VLOOKUP(G15,GTAP_area!$A:$F,6,FALSE) -> 210310 | AB15: =VLOOKUP(H15,GTAP_area!$A:$F,6,FALSE) -> 3510 | AC15: =VLOOKUP(I15,GTAP_area!$A:$F,6,FALSE) -> 2500 | AD15: =VLOOKUP(J15,GTAP_area!$A:$F,6,FALSE) -> 1206340 | AE15: =VLOOKUP(K15,GTAP_area!$A:$F,6,FALSE) -> 3360 | AG15: =M15*W15 -> 5609.5921 | AH15: =N15*X15 -> 1054029.8 | AI15: =O15*Y15 -> 5239122.3 | AJ15: =P15*Z15 -> 22114.334 | AK15: =Q15*AA15 -> 94752.5 | AL15: =R15*AB15 -> 3631.3508 | AM15: =S15*AC15 -> 791.42403 | AN15: =T15*AD15 -> 806937.77 | AO15: =U15*AE15 -> 872.62411 | AQ15: =IFERROR(GETPIVOTDATA("Coef. GTAP",Sheet3!$A$3,"Country",$A15,"AEZ",$B15,"Name",AQ$2),0) -> 0.055477469 | AR15: =IFERROR(GETPIVOTDATA("Coef. GTAP",Sheet3!$A$3,"Country",$A15,"AEZ",$B15,"Name",AR$2),0) -> 0.97663052 | AS15: =IFERROR(GETPIVOTDATA("Coef. GTAP",Sheet3!$A$3,"Country",$A15,"AEZ",$B15,"Name",AS$2),0) -> 0.032508759 | AT15: =IFERROR(GETPIVOTDATA("Coef. GTAP",Sheet3!$A$3,"Country",$A15,"AEZ",$B15,"Name",AT$2),0) -> 0.026652219 | AU15: =IFERROR(GETPIVOTDATA("Coef. GTAP",Sheet3!$A$3,"Country",$A15,"AEZ",$B15,"Name",AU$2),0) -> 0.032590801 | AV15: =IFERROR(GETPIVOTDATA("Coef. GTAP",Sheet3!$A$3,"Country",$A15,"AEZ",$B15,"Name",AV$2),0) -> 0.028569088 | AW15: =IFERROR(GETPIVOTDATA("Coef. GTAP",Sheet3!$A$3,"Country",$A15,"AEZ",$B15,"Name",AW$2),0) -> 0.030174673 | AX15: =IFERROR(GETPIVOTDATA("Coef. GTAP",Sheet3!$A$3,"Country",$A15,"AEZ",$B15,"Name",AX$2),0) -> 0.027521025 | AY15: =IFERROR(GETPIVOTDATA("Coef. GTAP",Sheet3!$A$3,"Country",$A15,"AEZ",$B15,"Name",AY$2),0) -> 0.030994767 | BA15: =AG15*AQ15 -> 311.20597 | BB15: =AH15*AR15 -> 1029397.7 | BC15: =AI15*AS15 -> 170317.37 | BD15: =AJ15*AT15 -> 589.39607 | BE15: =AK15*AU15 -> 3088.0599 | BF15: =AL15*AV15 -> 103.74438 | BG15: =AM15*AW15 -> 23.880961 | BH15: =AN15*AX15 -> 22207.754 | BI15: =AO15*AY15 -> 27.046781 | BK15: =BK14 -> Angola | BL15: AEZ4 | BM15: =IFERROR(BA15/W15*100,0) -> 3.0214172 | BN15: =IFERROR(BB15/X15*100,0) -> 6.1503833 | BO15: =IFERROR(BC15/Y15*100,0) -> 9.8251705 | BP15: =IFERROR(BD15/Z15*100,0) -> 2.4254982 | BQ15: =IFERROR(BE15/AA15*100,0) -> 1.4683371 | BR15: =IFERROR(BF15/AB15*100,0) -> 2.9556804 | BS15: =IFERROR(BG15/AC15*100,0) -> 0.95523845 | BT15: =IFERROR(BH15/AD15*100,0) -> 1.84092 | BU15: =IFERROR(BI15/AE15*100,0) -> 0.80496371 | BV15: =(SUM(BA15:BI15)/SUM(W15:AE15))*100 -> 6.1514824 | BW15: =IF(BA15>0,1,0) -> 1 | BX15: =IF(BB15>0,1,0) -> 1 | BY15: =IF(BC15>0,1,0) -> 1 | BZ15: =IF(BD15>0,1,0) -> 1 | CA15: =IF(BE15>0,1,0) -> 1 | CB15: =IF(BF15>0,1,0) -> 1 | CC15: =IF(BG15>0,1,0) -> 1 | CD15: =IF(BH15>0,1,0) -> 1 | CE15: =IF(BI15>0,1,0) -> 1 | CG15: =BW15*W15 -> 10300 | CH15: =BX15*X15 -> 16737130 | CI15: =BY15*Y15 -> 1733480 | CJ15: =BZ15*Z15 -> 24300 | CK15: =CA15*AA15 -> 210310 | CL15: =CB15*AB15 -> 3510 | CM15: =CC15*AC15 -> 2500 | CN15: =CD15*AD15 -> 1206340 | CO15: =CE15*AE15 -> 3360
... A20: =A19 -> Angola | B20: AEZ9 | C20: =_xlfn.CONCAT($A20,"#",$B20,"#",C$2) -> Angola#AEZ9#c_b | D20: =_xlfn.CONCAT($A20,"#",$B20,"#",D$2) -> Angola#AEZ9#ctl | E20: =_xlfn.CONCAT($A20,"#",$B20,"#",E$2) -> Angola#AEZ9#gro | F20: =_xlfn.CONCAT($A20,"#",$B20,"#",F$2) -> Angola#AEZ9#ocr | G20: =_xlfn.CONCAT($A20,"#",$B20,"#",G$2) -> Angola#AEZ9#osd | H20: =_xlfn.CONCAT($A20,"#",$B20,"#",H$2) -> Angola#AEZ9#pdr | I20: =_xlfn.CONCAT($A20,"#",$B20,"#",I$2) -> Angola#AEZ9#pfb | J20: =_xlfn.CONCAT($A20,"#",$B20,"#",J$2) -> Angola#AEZ9#v_f | K20: =_xlfn.CONCAT($A20,"#",$B20,"#",K$2) -> Angola#AEZ9#wht | M20: =IFERROR(_xlfn.IFNA(VLOOKUP(C20,Additional_LU_and_deforestation!$D:$E,2,FALSE)/VLOOKUP(C20,Land_Cover_MIN_MAX!$A:$C,2,FALSE),0),0) -> 0 | N20: =IFERROR(_xlfn.IFNA(VLOOKUP(D20,Additional_LU_and_deforestation!$D:$E,2,FALSE)/VLOOKUP(D20,Land_Cover_MIN_MAX!$A:$C,2,FALSE),0),0) -> 0.0021602271 | O20: =IFERROR(_xlfn.IFNA(VLOOKUP(E20,Additional_LU_and_deforestation!$D:$E,2,FALSE)/VLOOKUP(E20,Land_Cover_MIN_MAX!$A:$C,2,FALSE),0),0) -> 0 | P20: =IFERROR(_xlfn.IFNA(VLOOKUP(F20,Additional_LU_and_deforestation!$D:$E,2,FALSE)/VLOOKUP(F20,Land_Cover_MIN_MAX!$A:$C,2,FALSE),0),0) -> 0 | Q20: =IFERROR(_xlfn.IFNA(VLOOKUP(G20,Additional_LU_and_deforestation!$D:$E,2,FALSE)/VLOOKUP(G20,Land_Cover_MIN_MAX!$A:$C,2,FALSE),0),0) -> 0 | R20: =IFERROR(_xlfn.IFNA(VLOOKUP(H20,Additional_LU_and_deforestation!$D:$E,2,FALSE)/VLOOKUP(H20,Land_Cover_MIN_MAX!$A:$C,2,FALSE),0),0) -> 0 | S20: =IFERROR(_xlfn.IFNA(VLOOKUP(I20,Additional_LU_and_deforestation!$D:$E,2,FALSE)/VLOOKUP(I20,Land_Cover_MIN_MAX!$A:$C,2,FALSE),0),0) -> 0 | T20: =IFERROR(_xlfn.IFNA(VLOOKUP(J20,Additional_LU_and_deforestation!$D:$E,2,FALSE)/VLOOKUP(J20,Land_Cover_MIN_MAX!$A:$C,2,FALSE),0),0) -> 0 | U20: =IFERROR(_xlfn.IFNA(VLOOKUP(K20,Additional_LU_and_deforestation!$D:$E,2,FALSE)/VLOOKUP(K20,Land_Cover_MIN_MAX!$A:$C,2,FALSE),0),0) -> 0 | W20: =VLOOKUP(C20,GTAP_area!$A:$F,6,FALSE) -> 0 | X20: =VLOOKUP(D20,GTAP_area!$A:$F,6,FALSE) -> 918620 | Y20: =VLOOKUP(E20,GTAP_area!$A:$F,6,FALSE) -> 0 | Z20: =VLOOKUP(F20,GTAP_area!$A:$F,6,FALSE) -> 0 | AA20: =VLOOKUP(G20,GTAP_area!$A:$F,6,FALSE) -> 0 | AB20: =VLOOKUP(H20,GTAP_area!$A:$F,6,FALSE) -> 0 | AC20: =VLOOKUP(I20,GTAP_area!$A:$F,6,FALSE) -> 0 | AD20: =VLOOKUP(J20,GTAP_area!$A:$F,6,FALSE) -> 30 | AE20: =VLOOKUP(K20,GTAP_area!$A:$F,6,FALSE) -> 0 | AG20: =M20*W20 -> 0 | AH20: =N20*X20 -> 1984.4278 | AI20: =O20*Y20 -> 0 | AJ20: =P20*Z20 -> 0 | AK20: =Q20*AA20 -> 0 | AL20: =R20*AB20 -> 0 | AM20: =S20*AC20 -> 0 | AN20: =T20*AD20 -> 0 | AO20: =U20*AE20 -> 0 | AQ20: =IFERROR(GETPIVOTDATA("Coef. GTAP",Sheet3!$A$3,"Country",$A20,"AEZ",$B20,"Name",AQ$2),0) -> 0 | AR20: =IFERROR(GETPIVOTDATA("Coef. GTAP",Sheet3!$A$3,"Country",$A20,"AEZ",$B20,"Name",AR$2),0) -> 0.057142857 | AS20: =IFERROR(GETPIVOTDATA("Coef. GTAP",Sheet3!$A$3,"Country",$A20,"AEZ",$B20,"Name",AS$2),0) -> 0 | AT20: =IFERROR(GETPIVOTDATA("Coef. GTAP",Sheet3!$A$3,"Country",$A20,"AEZ",$B20,"Name",AT$2),0) -> 0 | AU20: =IFERROR(GETPIVOTDATA("Coef. GTAP",Sheet3!$A$3,"Country",$A20,"AEZ",$B20,"Name",AU$2),0) -> 0 | AV20: =IFERROR(GETPIVOTDATA("Coef. GTAP",Sheet3!$A$3,"Country",$A20,"AEZ",$B20,"Name",AV$2),0) -> 0 | AW20: =IFERROR(GETPIVOTDATA("Coef. GTAP",Sheet3!$A$3,"Country",$A20,"AEZ",$B20,"Name",AW$2),0) -> 0 | AX20: =IFERROR(GETPIVOTDATA("Coef. GTAP",Sheet3!$A$3,"Country",$A20,"AEZ",$B20,"Name",AX$2),0) -> 0 | AY20: =IFERROR(GETPIVOTDATA("Coef. GTAP",Sheet3!$A$3,"Country",$A20,"AEZ",$B20,"Name",AY$2),0) -> 0 | BA20: =AG20*AQ20 -> 0 | BB20: =AH20*AR20 -> 113.39588 | BC20: =AI20*AS20 -> 0 | BD20: =AJ20*AT20 -> 0 | BE20: =AK20*AU20 -> 0 | BF20: =AL20*AV20 -> 0 | BG20: =AM20*AW20 -> 0 | BH20: =AN20*AX20 -> 0 | BI20: =AO20*AY20 -> 0 | BK20: =BK19 -> Angola | BL20: AEZ9 | BM20: =IFERROR(BA20/W20*100,0) -> 0 | BN20: =IFERROR(BB20/X20*100,0) -> 0.012344155 | BO20: =IFERROR(BC20/Y20*100,0) -> 0 | BP20: =IFERROR(BD20/Z20*100,0) -> 0 | BQ20: =IFERROR(BE20/AA20*100,0) -> 0 | BR20: =IFERROR(BF20/AB20*100,0) -> 0 | BS20: =IFERROR(BG20/AC20*100,0) -> 0 | BT20: =IFERROR(BH20/AD20*100,0) -> 0 | BU20: =IFERROR(BI20/AE20*100,0) -> 0 | BV20: =(SUM(BA20:BI20)/SUM(W20:AE20))*100 -> 0.012343752 | BW20: =IF(BA20>0,1,0) -> 0 | BX20: =IF(BB20>0,1,0) -> 1 | BY20: =IF(BC20>0,1,0) -> 0 | BZ20: =IF(BD20>0,1,0) -> 0 | CA20: =IF(BE20>0,1,0) -> 0 | CB20: =IF(BF20>0,1,0) -> 0 | CC20: =IF(BG20>0,1,0) -> 0 | CD20: =IF(BH20>0,1,0) -> 0 | CE20: =IF(BI20>0,1,0) -> 0 | CG20: =BW20*W20 -> 0 | CH20: =BX20*X20 -> 918620 | CI20: =BY20*Y20 -> 0 | CJ20: =BZ20*Z20 -> 0 | CK20: =CA20*AA20 -> 0 | CL20: =CB20*AB20 -> 0 | CM20: =CC20*AC20 -> 0 | CN20: =CD20*AD20 -> 0 | CO20: =CE20*AE20 -> 0
BA21: =SUM(BA3:BA20) -> 616.98201 | BB21: =SUM(BB3:BB20) -> 4031486 | BC21: =SUM(BC3:BC20) -> 664702.87 | BD21: =SUM(BD3:BD20) -> 1576.4608 | BE21: =SUM(BE3:BE20) -> 8720.1814 | BF21: =SUM(BF3:BF20) -> 372.649 | BG21: =SUM(BG3:BG20) -> 76.761388 | BH21: =SUM(BH3:BH20) -> 61992.368 | BI21: =SUM(BI3:BI20) -> 62.013506 | BL21: x | BM21: =IFERROR(BA21/CG21*100,0) -> 3.2592816 | BN21: =IFERROR(BB21/CH21*100,0) -> 10.333686 | BO21: =IFERROR(BC21/CI21*100,0) -> 22.394819 | BP21: =IFERROR(BD21/CJ21*100,0) -> 3.5330812 | BQ21: =IFERROR(BE21/CK21*100,0) -> 2.0125973 | BR21: =IFERROR(BF21/CL21*100,0) -> 4.4628622 | BS21: =IFERROR(BG21/CM21*100,0) -> 1.6687258 | BT21: =IFERROR(BH21/CN21*100,0) -> 2.7598775 | BU21: =IFERROR(BI21/CO21*100,0) -> 1.0050811 | CG21: =SUM(CG3:CG20) -> 18930 | CH21: =SUM(CH3:CH20) -> 39013050 | CI21: =SUM(CI3:CI20) -> 2968110 | CJ21: =SUM(CJ3:CJ20) -> 44620 | CK21: =SUM(CK3:CK20) -> 433280 | CL21: =SUM(CL3:CL20) -> 8350 | CM21: =SUM(CM3:CM20) -> 4600 | CN21: =SUM(CN3:CN20) -> 2246200 | CO21: =SUM(CO3:CO20) -> 6170
A22: Argentina | B22: AEZ1 | C22: =_xlfn.CONCAT($A22,"#",$B22,"#",C$2) -> Argentina#AEZ1#c_b | D22: =_xlfn.CONCAT($A22,"#",$B22,"#",D$2) -> Argentina#AEZ1#ctl | E22: =_xlfn.CONCAT($A22,"#",$B22,"#",E$2) -> Argentina#AEZ1#gro | F22: =_xlfn.CONCAT($A22,"#",$B22,"#",F$2) -> Argentina#AEZ1#ocr | G22: =_xlfn.CONCAT($A22,"#",$B22,"#",G$2) -> Argentina#AEZ1#osd | H22: =_xlfn.CONCAT($A22,"#",$B22,"#",H$2) -> Argentina#AEZ1#pdr | I22: =_xlfn.CONCAT($A22,"#",$B22,"#",I$2) -> Argentina#AEZ1#pfb | J22: =_xlfn.CONCAT($A22,"#",$B22,"#",J$2) -> Argentina#AEZ1#v_f | K22: =_xlfn.CONCAT($A22,"#",$B22,"#",K$2) -> Argentina#AEZ1#wht | M22: =IFERROR(_xlfn.IFNA(VLOOKUP(C22,Additional_LU_and_deforestation!$D:$E,2,FALSE)/VLOOKUP(C22,Land_Cover_MIN_MAX!$A:$C,2,FALSE),0),0) -> 0 | N22: =IFERROR(_xlfn.IFNA(VLOOKUP(D22,Additional_LU_and_deforestation!$D:$E,2,FALSE)/VLOOKUP(D22,Land_Cover_MIN_MAX!$A:$C,2,FALSE),0),0) -> 0 | O22: =IFERROR(_xlfn.IFNA(VLOOKUP(E22,Additional_LU_and_deforestation!$D:$E,2,FALSE)/VLOOKUP(E22,Land_Cover_MIN_MAX!$A:$C,2,FALSE),0),0) -> 0 | P22: =IFERROR(_xlfn.IFNA(VLOOKUP(F22,Additional_LU_and_deforestation!$D:$E,2,FALSE)/VLOOKUP(F22,Land_Cover_MIN_MAX!$A:$C,2,FALSE),0),0) -> 0 | Q22: =IFERROR(_xlfn.IFNA(VLOOKUP(G22,Additional_LU_and_deforestation!$D:$E,2,FALSE)/VLOOKUP(G22,Land_Cover_MIN_MAX!$A:$C,2,FALSE),0),0) -> 0 | R22: =IFERROR(_xlfn.IFNA(VLOOKUP(H22,Additional_LU_and_deforestation!$D:$E,2,FALSE)/VLOOKUP(H22,Land_Cover_MIN_MAX!$A:$C,2,FALSE),0),0) -> 0 | S22: =IFERROR(_xlfn.IFNA(VLOOKUP(I22,Additional_LU_and_deforestation!$D:$E,2,FALSE)/VLOOKUP(I22,Land_Cover_MIN_MAX!$A:$C,2,FALSE),0),0) -> 0 | T22: =IFERROR(_xlfn.IFNA(VLOOKUP(J22,Additional_LU_and_deforestation!$D:$E,2,FALSE)/VLOOKUP(J22,Land_Cover_MIN_MAX!$A:$C,2,FALSE),0),0) -> 0 | U22: =IFERROR(_xlfn.IFNA(VLOOKUP(K22,Additional_LU_and_deforestation!$D:$E,2,FALSE)/VLOOKUP(K22,Land_Cover_MIN_MAX!$A:$C,2,FALSE),0),0) -> 0 | W22: =VLOOKUP(C22,GTAP_area!$A:$F,6,FALSE) -> 0 | X22: =VLOOKUP(D22,GTAP_area!$A:$F,6,FALSE) -> 0 | Y22: =VLOOKUP(E22,GTAP_area!$A:$F,6,FALSE) -> 0 | Z22: =VLOOKUP(F22,GTAP_area!$A:$F,6,FALSE) -> 0 | AA22: =VLOOKUP(G22,GTAP_area!$A:$F,6,FALSE) -> 0 | AB22: =VLOOKUP(H22,GTAP_area!$A:$F,6,FALSE) -> 0 | AC22: =VLOOKUP(I22,GTAP_area!$A:$F,6,FALSE) -> 0 | AD22: =VLOOKUP(J22,GTAP_area!$A:$F,6,FALSE) -> 0 | AE22: =VLOOKUP(K22,GTAP_area!$A:$F,6,FALSE) -> 0 | AG22: =M22*W22 -> 0 | AH22: =N22*X22 -> 0 | AI22: =O22*Y22 -> 0 | AJ22: =P22*Z22 -> 0 | AK22: =Q22*AA22 -> 0 | AL22: =R22*AB22 -> 0 | AM22: =S22*AC22 -> 0 | AN22: =T22*AD22 -> 0 | AO22: =U22*AE22 -> 0 | AQ22: =IFERROR(GETPIVOTDATA("Coef. GTAP",Sheet3!$A$3,"Country",$A22,"AEZ",$B22,"Name",AQ$2),0) -> 0 | AR22: =IFERROR(GETPIVOTDATA("Coef. GTAP",Sheet3!$A$3,"Country",$A22,"AEZ",$B22,"Name",AR$2),0) -> 0 | AS22: =IFERROR(GETPIVOTDATA("Coef. GTAP",Sheet3!$A$3,"Country",$A22,"AEZ",$B22,"Name",AS$2),0) -> 0 | AT22: =IFERROR(GETPIVOTDATA("Coef. GTAP",Sheet3!$A$3,"Country",$A22,"AEZ",$B22,"Name",AT$2),0) -> 0 | AU22: =IFERROR(GETPIVOTDATA("Coef. GTAP",Sheet3!$A$3,"Country",$A22,"AEZ",$B22,"Name",AU$2),0) -> 0 | AV22: =IFERROR(GETPIVOTDATA("Coef. GTAP",Sheet3!$A$3,"Country",$A22,"AEZ",$B22,"Name",AV$2),0) -> 0 | AW22: =IFERROR(GETPIVOTDATA("Coef. GTAP",Sheet3!$A$3,"Country",$A22,"AEZ",$B22,"Name",AW$2),0) -> 0 | AX22: =IFERROR(GETPIVOTDATA("Coef. GTAP",Sheet3!$A$3,"Country",$A22,"AEZ",$B22,"Name",AX$2),0) -> 0 | AY22: =IFERROR(GETPIVOTDATA("Coef. GTAP",Sheet3!$A$3,"Country",$A22,"AEZ",$B22,"Name",AY$2),0) -> 0 | BA22: =AG22*AQ22 -> 0 | BB22: =AH22*AR22 -> 0 | BC22: =AI22*AS22 -> 0 | BD22: =AJ22*AT22 -> 0 | BE22: =AK22*AU22 -> 0 | BF22: =AL22*AV22 -> 0 | BG22: =AM22*AW22 -> 0 | BH22: =AN22*AX22 -> 0 | BI22: =AO22*AY22 -> 0 | BK22: Argentina | BL22: AEZ1 | BM22: =IFERROR(BA22/W22*100,0) -> 0 | BN22: =IFERROR(BB22/X22*100,0) -> 0 | BO22: =IFERROR(BC22/Y22*100,0) -> 0 | BP22: =IFERROR(BD22/Z22*100,0) -> 0 | BQ22: =IFERROR(BE22/AA22*100,0) -> 0 | BR22: =IFERROR(BF22/AB22*100,0) -> 0 | BS22: =IFERROR(BG22/AC22*100,0) -> 0 | BT22: =IFERROR(BH22/AD22*100,0) -> 0 | BU22: =IFERROR(BI22/AE22*100,0) -> 0 | BV22: =(SUM(BA22:BI22)/SUM(W22:AE22))*100 -> #DIV/0! | BW22: =IF(BA22>0,1,0) -> 0 | BX22: =IF(BB22>0,1,0) -> 0 | BY22: =IF(BC22>0,1,0) -> 0 | BZ22: =IF(BD22>0,1,0) -> 0 | CA22: =IF(BE22>0,1,0) -> 0 | CB22: =IF(BF22>0,1,0) -> 0 | CC22: =IF(BG22>0,1,0) -> 0 | CD22: =IF(BH22>0,1,0) -> 0 | CE22: =IF(BI22>0,1,0) -> 0 | CG22: =BW22*W22 -> 0 | CH22: =BX22*X22 -> 0 | CI22: =BY22*Y22 -> 0 | CJ22: =BZ22*Z22 -> 0 | CK22: =CA22*AA22 -> 0 | CL22: =CB22*AB22 -> 0 | CM22: =CC22*AC22 -> 0 | CN22: =CD22*AD22 -> 0 | CO22: =CE22*AE22 -> 0
A23: =A22 -> Argentina | B23: AEZ10 | C23: =_xlfn.CONCAT($A23,"#",$B23,"#",C$2) -> Argentina#AEZ10#c_b | D23: =_xlfn.CONCAT($A23,"#",$B23,"#",D$2) -> Argentina#AEZ10#ctl | E23: =_xlfn.CONCAT($A23,"#",$B23,"#",E$2) -> Argentina#AEZ10#gro | F23: =_xlfn.CONCAT($A23,"#",$B23,"#",F$2) -> Argentina#AEZ10#ocr | G23: =_xlfn.CONCAT($A23,"#",$B23,"#",G$2) -> Argentina#AEZ10#osd | H23: =_xlfn.CONCAT($A23,"#",$B23,"#",H$2) -> Argentina#AEZ10#pdr | I23: =_xlfn.CONCAT($A23,"#",$B23,"#",I$2) -> Argentina#AEZ10#pfb | J23: =_xlfn.CONCAT($A23,"#",$B23,"#",J$2) -> Argentina#AEZ10#v_f | K23: =_xlfn.CONCAT($A23,"#",$B23,"#",K$2) -> Argentina#AEZ10#wht | M23: =IFERROR(_xlfn.IFNA(VLOOKUP(C23,Additional_LU_and_deforestation!$D:$E,2,FALSE)/VLOOKUP(C23,Land_Cover_MIN_MAX!$A:$C,2,FALSE),0),0) -> 0.40283675 | N23: =IFERROR(_xlfn.IFNA(VLOOKUP(D23,Additional_LU_and_deforestation!$D:$E,2,FALSE)/VLOOKUP(D23,Land_Cover_MIN_MAX!$A:$C,2,FALSE),0),0) -> 0 | O23: =IFERROR(_xlfn.IFNA(VLOOKUP(E23,Additional_LU_and_deforestation!$D:$E,2,FALSE)/VLOOKUP(E23,Land_Cover_MIN_MAX!$A:$C,2,FALSE),0),0) -> 1.2416779 | P23: =IFERROR(_xlfn.IFNA(VLOOKUP(F23,Additional_LU_and_deforestation!$D:$E,2,FALSE)/VLOOKUP(F23,Land_Cover_MIN_MAX!$A:$C,2,FALSE),0),0) -> 0.14238397 | Q23: =IFERROR(_xlfn.IFNA(VLOOKUP(G23,Additional_LU_and_deforestation!$D:$E,2,FALSE)/VLOOKUP(G23,Land_Cover_MIN_MAX!$A:$C,2,FALSE),0),0) -> 0.1995885 | R23: =IFERROR(_xlfn.IFNA(VLOOKUP(H23,Additional_LU_and_deforestation!$D:$E,2,FALSE)/VLOOKUP(H23,Land_Cover_MIN_MAX!$A:$C,2,FALSE),0),0) -> 0.35643639 | S23: =IFERROR(_xlfn.IFNA(VLOOKUP(I23,Additional_LU_and_deforestation!$D:$E,2,FALSE)/VLOOKUP(I23,Land_Cover_MIN_MAX!$A:$C,2,FALSE),0),0) -> 1.9463802 | T23: =IFERROR(_xlfn.IFNA(VLOOKUP(J23,Additional_LU_and_deforestation!$D:$E,2,FALSE)/VLOOKUP(J23,Land_Cover_MIN_MAX!$A:$C,2,FALSE),0),0) -> 0.6706652 | U23: =IFERROR(_xlfn.IFNA(VLOOKUP(K23,Additional_LU_and_deforestation!$D:$E,2,FALSE)/VLOOKUP(K23,Land_Cover_MIN_MAX!$A:$C,2,FALSE),0),0) -> 1.6385493 | W23: =VLOOKUP(C23,GTAP_area!$A:$F,6,FALSE) -> 2410 | X23: =VLOOKUP(D23,GTAP_area!$A:$F,6,FALSE) -> 2938320 | Y23: =VLOOKUP(E23,GTAP_area!$A:$F,6,FALSE) -> 485440 | Z23: =VLOOKUP(F23,GTAP_area!$A:$F,6,FALSE) -> 1300 | AA23: =VLOOKUP(G23,GTAP_area!$A:$F,6,FALSE) -> 889920 | AB23: =VLOOKUP(H23,GTAP_area!$A:$F,6,FALSE) -> 150 | AC23: =VLOOKUP(I23,GTAP_area!$A:$F,6,FALSE) -> 17660 | AD23: =VLOOKUP(J23,GTAP_area!$A:$F,6,FALSE) -> 108590 | AE23: =VLOOKUP(K23,GTAP_area!$A:$F,6,FALSE) -> 231920 | AG23: =M23*W23 -> 970.83657 | AH23: =N23*X23 -> 0 | AI23: =O23*Y23 -> 602760.14 | AJ23: =P23*Z23 -> 185.09916 | AK23: =Q23*AA23 -> 177617.8 | AL23: =R23*AB23 -> 53.465459 | AM23: =S23*AC23 -> 34373.074 | AN23: =T23*AD23 -> 72827.534 | AO23: =U23*AE23 -> 380012.36 | AQ23: =IFERROR(GETPIVOTDATA("Coef. GTAP",Sheet3!$A$3,"Country",$A23,"AEZ",$B23,"Name",AQ$2),0) -> 0.12697056 | AR23: =IFERROR(GETPIVOTDATA("Coef. GTAP",Sheet3!$A$3,"Country",$A23,"AEZ",$B23,"Name",AR$2),0) -> 0 | AS23: =IFERROR(GETPIVOTDATA("Coef. GTAP",Sheet3!$A$3,"Country",$A23,"AEZ",$B23,"Name",AS$2),0) -> 0.12456732 | AT23: =IFERROR(GETPIVOTDATA("Coef. GTAP",Sheet3!$A$3,"Country",$A23,"AEZ",$B23,"Name",AT$2),0) -> 0.16629647 | AU23: =IFERROR(GETPIVOTDATA("Coef. GTAP",Sheet3!$A$3,"Country",$A23,"AEZ",$B23,"Name",AU$2),0) -> 0.12796852 | AV23: =IFERROR(GETPIVOTDATA("Coef. GTAP",Sheet3!$A$3,"Country",$A23,"AEZ",$B23,"Name",AV$2),0) -> 0.24124632 | AW23: =IFERROR(GETPIVOTDATA("Coef. GTAP",Sheet3!$A$3,"Country",$A23,"AEZ",$B23,"Name",AW$2),0) -> 0.16423189 | AX23: =IFERROR(GETPIVOTDATA("Coef. GTAP",Sheet3!$A$3,"Country",$A23,"AEZ",$B23,"Name",AX$2),0) -> 0.03637 | AY23: =IFERROR(GETPIVOTDATA("Coef. GTAP",Sheet3!$A$3,"Country",$A23,"AEZ",$B23,"Name",AY$2),0) -> 0.062655819 | BA23: =AG23*AQ23 -> 123.26766 | BB23: =AH23*AR23 -> 0 | BC23: =AI23*AS23 -> 75084.217 | BD23: =AJ23*AT23 -> 30.781336 | BE23: =AK23*AU23 -> 22729.487 | BF23: =AL23*AV23 -> 12.898345 | BG23: =AM23*AW23 -> 5645.1548 | BH23: =AN23*AX23 -> 2648.7374 | BI23: =AO23*AY23 -> 23809.986 | BK23: =BK22 -> Argentina | BL23: AEZ10 | BM23: =IFERROR(BA23/W23*100,0) -> 5.1148408 | BN23: =IFERROR(BB23/X23*100,0) -> 0 | BO23: =IFERROR(BC23/Y23*100,0) -> 15.46725 | BP23: =IFERROR(BD23/Z23*100,0) -> 2.3677951 | BQ23: =IFERROR(BE23/AA23*100,0) -> 2.5541045 | BR23: =IFERROR(BF23/AB23*100,0) -> 8.5988966 | BS23: =IFERROR(BG23/AC23*100,0) -> 31.965769 | BT23: =IFERROR(BH23/AD23*100,0) -> 2.4392093 | BU23: =IFERROR(BI23/AE23*100,0) -> 10.266465 | BV23: =(SUM(BA23:BI23)/SUM(W23:AE23))*100 -> 2.7821342 | BW23: =IF(BA23>0,1,0) -> 1 | BX23: =IF(BB23>0,1,0) -> 0 | BY23: =IF(BC23>0,1,0) -> 1 | BZ23: =IF(BD23>0,1,0) -> 1 | CA23: =IF(BE23>0,1,0) -> 1 | CB23: =IF(BF23>0,1,0) -> 1 | CC23: =IF(BG23>0,1,0) -> 1 | CD23: =IF(BH23>0,1,0) -> 1 | CE23: =IF(BI23>0,1,0) -> 1 | CG23: =BW23*W23 -> 2410 | CH23: =BX23*X23 -> 0 | CI23: =BY23*Y23 -> 485440 | CJ23: =BZ23*Z23 -> 1300 | CK23: =CA23*AA23 -> 889920 | CL23: =CB23*AB23 -> 150 | CM23: =CC23*AC23 -> 17660 | CN23: =CD23*AD23 -> 108590 | CO23: =CE23*AE23 -> 231920
A24: =A23 -> Argentina | B24: AEZ11 | C24: =_xlfn.CONCAT($A24,"#",$B24,"#",C$2) -> Argentina#AEZ11#c_b | D24: =_xlfn.CONCAT($A24,"#",$B24,"#",D$2) -> Argentina#AEZ11#ctl | E24: =_xlfn.CONCAT($A24,"#",$B24,"#",E$2) -> Argentina#AEZ11#gro | F24: =_xlfn.CONCAT($A24,"#",$B24,"#",F$2) -> Argentina#AEZ11#ocr | G24: =_xlfn.CONCAT($A24,"#",$B24,"#",G$2) -> Argentina#AEZ11#osd | H24: =_xlfn.CONCAT($A24,"#",$B24,"#",H$2) -> Argentina#AEZ11#pdr | I24: =_xlfn.CONCAT($A24,"#",$B24,"#",I$2) -> Argentina#AEZ11#pfb | J24: =_xlfn.CONCAT($A24,"#",$B24,"#",J$2) -> Argentina#AEZ11#v_f | K24: =_xlfn.CONCAT($A24,"#",$B24,"#",K$2) -> Argentina#AEZ11#wht | M24: =IFERROR(_xlfn.IFNA(VLOOKUP(C24,Additional_LU_and_deforestation!$D:$E,2,FALSE)/VLOOKUP(C24,Land_Cover_MIN_MAX!$A:$C,2,FALSE),0),0) -> 0.40283675 | N24: =IFERROR(_xlfn.IFNA(VLOOKUP(D24,Additional_LU_and_deforestation!$D:$E,2,FALSE)/VLOOKUP(D24,Land_Cover_MIN_MAX!$A:$C,2,FALSE),0),0) -> 0 | O24: =IFERROR(_xlfn.IFNA(VLOOKUP(E24,Additional_LU_and_deforestation!$D:$E,2,FALSE)/VLOOKUP(E24,Land_Cover_MIN_MAX!$A:$C,2,FALSE),0),0) -> 1.2416779 | P24: =IFERROR(_xlfn.IFNA(VLOOKUP(F24,Additional_LU_and_deforestation!$D:$E,2,FALSE)/VLOOKUP(F24,Land_Cover_MIN_MAX!$A:$C,2,FALSE),0),0) -> 0.14238397 | Q24: =IFERROR(_xlfn.IFNA(VLOOKUP(G24,Additional_LU_and_deforestation!$D:$E,2,FALSE)/VLOOKUP(G24,Land_Cover_MIN_MAX!$A:$C,2,FALSE),0),0) -> 0.1995885 | R24: =IFERROR(_xlfn.IFNA(VLOOKUP(H24,Additional_LU_and_deforestation!$D:$E,2,FALSE)/VLOOKUP(H24,Land_Cover_MIN_MAX!$A:$C,2,FALSE),0),0) -> 0.35643639 | S24: =IFERROR(_xlfn.IFNA(VLOOKUP(I24,Additional_LU_and_deforestation!$D:$E,2,FALSE)/VLOOKUP(I24,Land_Cover_MIN_MAX!$A:$C,2,FALSE),0),0) -> 1.9463802 | T24: =IFERROR(_xlfn.IFNA(VLOOKUP(J24,Additional_LU_and_deforestation!$D:$E,2,FALSE)/VLOOKUP(J24,Land_Cover_MIN_MAX!$A:$C,2,FALSE),0),0) -> 0.6706652 | U24: =IFERROR(_xlfn.IFNA(VLOOKUP(K24,Additional_LU_and_deforestation!$D:$E,2,FALSE)/VLOOKUP(K24,Land_Cover_MIN_MAX!$A:$C,2,FALSE),0),0) -> 1.6385493 | W24: =VLOOKUP(C24,GTAP_area!$A:$F,6,FALSE) -> 106640 | X24: =VLOOKUP(D24,GTAP_area!$A:$F,6,FALSE) -> 4430380 | Y24: =VLOOKUP(E24,GTAP_area!$A:$F,6,FALSE) -> 2118990 | Z24: =VLOOKUP(F24,GTAP_area!$A:$F,6,FALSE) -> 7690 | AA24: =VLOOKUP(G24,GTAP_area!$A:$F,6,FALSE) -> 4128790 | AB24: =VLOOKUP(H24,GTAP_area!$A:$F,6,FALSE) -> 570 | AC24: =VLOOKUP(I24,GTAP_area!$A:$F,6,FALSE) -> 59880 | AD24: =VLOOKUP(J24,GTAP_area!$A:$F,6,FALSE) -> 239680 | AE24: =VLOOKUP(K24,GTAP_area!$A:$F,6,FALSE) -> 1272720 | AG24: =M24*W24 -> 42958.511 | AH24: =N24*X24 -> 0 | AI24: =O24*Y24 -> 2631103.1 | AJ24: =P24*Z24 -> 1094.9327 | AK24: =Q24*AA24 -> 824059 | AL24: =R24*AB24 -> 203.16874 | AM24: =S24*AC24 -> 116549.24 | AN24: =T24*AD24 -> 160745.04 | AO24: =U24*AE24 -> 2085414.5 | AQ24: =IFERROR(GETPIVOTDATA("Coef. GTAP",Sheet3!$A$3,"Country",$A24,"AEZ",$B24,"Name",AQ$2),0) -> 0.028520055 | AR24: =IFERROR(GETPIVOTDATA("Coef. GTAP",Sheet3!$A$3,"Country",$A24,"AEZ",$B24,"Name",AR$2),0) -> 0 | AS24: =IFERROR(GETPIVOTDATA("Coef. GTAP",Sheet3!$A$3,"Country",$A24,"AEZ",$B24,"Name",AS$2),0) -> 0.026165594 | AT24: =IFERROR(GETPIVOTDATA("Coef. GTAP",Sheet3!$A$3,"Country",$A24,"AEZ",$B24,"Name",AT$2),0) -> 0.032499219 | AU24: =IFERROR(GETPIVOTDATA("Coef. GTAP",Sheet3!$A$3,"Country",$A24,"AEZ",$B24,"Name",AU$2),0) -> 0.024622509 | AV24: =IFERROR(GETPIVOTDATA("Coef. GTAP",Sheet3!$A$3,"Country",$A24,"AEZ",$B24,"Name",AV$2),0) -> 0.040948827 | AW24: =IFERROR(GETPIVOTDATA("Coef. GTAP",Sheet3!$A$3,"Country",$A24,"AEZ",$B24,"Name",AW$2),0) -> 0.030987746 | AX24: =IFERROR(GETPIVOTDATA("Coef. GTAP",Sheet3!$A$3,"Country",$A24,"AEZ",$B24,"Name",AX$2),0) -> 0.01192 | AY24: =IFERROR(GETPIVOTDATA("Coef. GTAP",Sheet3!$A$3,"Country",$A24,"AEZ",$B24,"Name",AY$2),0) -> 0.017235959 | BA24: =AG24*AQ24 -> 1225.1791 | BB24: =AH24*AR24 -> 0 | BC24: =AI24*AS24 -> 68844.375 | BD24: =AJ24*AT24 -> 35.584458 | BE24: =AK24*AU24 -> 20290.4 | BF24: =AL24*AV24 -> 8.3195217 | BG24: =AM24*AW24 -> 3611.5984 | BH24: =AN24*AX24 -> 1916.0807 | BI24: =AO24*AY24 -> 35944.118 | BK24: =BK23 -> Argentina | BL24: AEZ11 | BM24: =IFERROR(BA24/W24*100,0) -> 1.1488926 | BN24: =IFERROR(BB24/X24*100,0) -> 0 | BO24: =IFERROR(BC24/Y24*100,0) -> 3.248924 | BP24: =IFERROR(BD24/Z24*100,0) -> 0.46273678 | BQ24: =IFERROR(BE24/AA24*100,0) -> 0.49143696 | BR24: =IFERROR(BF24/AB24*100,0) -> 1.4595652 | BS24: =IFERROR(BG24/AC24*100,0) -> 6.0313934 | BT24: =IFERROR(BH24/AD24*100,0) -> 0.79943289 | BU24: =IFERROR(BI24/AE24*100,0) -> 2.8241969 | BV24: =(SUM(BA24:BI24)/SUM(W24:AE24))*100 -> 1.0664944 | BW24: =IF(BA24>0,1,0) -> 1 | BX24: =IF(BB24>0,1,0) -> 0 | BY24: =IF(BC24>0,1,0) -> 1 | BZ24: =IF(BD24>0,1,0) -> 1 | CA24: =IF(BE24>0,1,0) -> 1 | CB24: =IF(BF24>0,1,0) -> 1 | CC24: =IF(BG24>0,1,0) -> 1 | CD24: =IF(BH24>0,1,0) -> 1 | CE24: =IF(BI24>0,1,0) -> 1 | CG24: =BW24*W24 -> 106640 | CH24: =BX24*X24 -> 0 | CI24: =BY24*Y24 -> 2118990 | CJ24: =BZ24*Z24 -> 7690 | CK24: =CA24*AA24 -> 4128790 | CL24: =CB24*AB24 -> 570 | CM24: =CC24*AC24 -> 59880 | CN24: =CD24*AD24 -> 239680 | CO24: =CE24*AE24 -> 1272720
A25: =A24 -> Argentina | B25: AEZ12 | C25: =_xlfn.CONCAT($A25,"#",$B25,"#",C$2) -> Argentina#AEZ12#c_b | D25: =_xlfn.CONCAT($A25,"#",$B25,"#",D$2) -> Argentina#AEZ12#ctl | E25: =_xlfn.CONCAT($A25,"#",$B25,"#",E$2) -> Argentina#AEZ12#gro | F25: =_xlfn.CONCAT($A25,"#",$B25,"#",F$2) -> Argentina#AEZ12#ocr | G25: =_xlfn.CONCAT($A25,"#",$B25,"#",G$2) -> Argentina#AEZ12#osd | H25: =_xlfn.CONCAT($A25,"#",$B25,"#",H$2) -> Argentina#AEZ12#pdr | I25: =_xlfn.CONCAT($A25,"#",$B25,"#",I$2) -> Argentina#AEZ12#pfb | J25: =_xlfn.CONCAT($A25,"#",$B25,"#",J$2) -> Argentina#AEZ12#v_f | K25: =_xlfn.CONCAT($A25,"#",$B25,"#",K$2) -> Argentina#AEZ12#wht | M25: =IFERROR(_xlfn.IFNA(VLOOKUP(C25,Additional_LU_and_deforestation!$D:$E,2,FALSE)/VLOOKUP(C25,Land_Cover_MIN_MAX!$A:$C,2,FALSE),0),0) -> 0.40283675 | N25: =IFERROR(_xlfn.IFNA(VLOOKUP(D25,Additional_LU_and_deforestation!$D:$E,2,FALSE)/VLOOKUP(D25,Land_Cover_MIN_MAX!$A:$C,2,FALSE),0),0) -> 0 | O25: =IFERROR(_xlfn.IFNA(VLOOKUP(E25,Additional_LU_and_deforestation!$D:$E,2,FALSE)/VLOOKUP(E25,Land_Cover_MIN_MAX!$A:$C,2,FALSE),0),0) -> 1.2416779 | P25: =IFERROR(_xlfn.IFNA(VLOOKUP(F25,Additional_LU_and_deforestation!$D:$E,2,FALSE)/VLOOKUP(F25,Land_Cover_MIN_MAX!$A:$C,2,FALSE),0),0) -> 0.14238397 | Q25: =IFERROR(_xlfn.IFNA(VLOOKUP(G25,Additional_LU_and_deforestation!$D:$E,2,FALSE)/VLOOKUP(G25,Land_Cover_MIN_MAX!$A:$C,2,FALSE),0),0) -> 0.1995885 | R25: =IFERROR(_xlfn.IFNA(VLOOKUP(H25,Additional_LU_and_deforestation!$D:$E,2,FALSE)/VLOOKUP(H25,Land_Cover_MIN_MAX!$A:$C,2,FALSE),0),0) -> 0.35643639 | S25: =IFERROR(_xlfn.IFNA(VLOOKUP(I25,Additional_LU_and_deforestation!$D:$E,2,FALSE)/VLOOKUP(I25,Land_Cover_MIN_MAX!$A:$C,2,FALSE),0),0) -> 1.9463802 | T25: =IFERROR(_xlfn.IFNA(VLOOKUP(J25,Additional_LU_and_deforestation!$D:$E,2,FALSE)/VLOOKUP(J25,Land_Cover_MIN_MAX!$A:$C,2,FALSE),0),0) -> 0.6706652 | U25: =IFERROR(_xlfn.IFNA(VLOOKUP(K25,Additional_LU_and_deforestation!$D:$E,2,FALSE)/VLOOKUP(K25,Land_Cover_MIN_MAX!$A:$C,2,FALSE),0),0) -> 1.6385493 | W25: =VLOOKUP(C25,GTAP_area!$A:$F,6,FALSE) -> 284410 | X25: =VLOOKUP(D25,GTAP_area!$A:$F,6,FALSE) -> 17805980 | Y25: =VLOOKUP(E25,GTAP_area!$A:$F,6,FALSE) -> 6293180 | Z25: =VLOOKUP(F25,GTAP_area!$A:$F,6,FALSE) -> 235050 | AA25: =VLOOKUP(G25,GTAP_area!$A:$F,6,FALSE) -> 13811680 | AB25: =VLOOKUP(H25,GTAP_area!$A:$F,6,FALSE) -> 182330 | AC25: =VLOOKUP(I25,GTAP_area!$A:$F,6,FALSE) -> 250400 | AD25: =VLOOKUP(J25,GTAP_area!$A:$F,6,FALSE) -> 540750 | AE25: =VLOOKUP(K25,GTAP_area!$A:$F,6,FALSE) -> 4376130 | AG25: =M25*W25 -> 114570.8 | AH25: =N25*X25 -> 0 | AI25: =O25*Y25 -> 7814102.7 | AJ25: =P25*Z25 -> 33467.351 | AK25: =Q25*AA25 -> 2756652.5 | AL25: =R25*AB25 -> 64989.048 | AM25: =S25*AC25 -> 487373.59 | AN25: =T25*AD25 -> 362662.21 | AO25: =U25*AE25 -> 7170504.8 | AQ25: =IFERROR(GETPIVOTDATA("Coef. GTAP",Sheet3!$A$3,"Country",$A25,"AEZ",$B25,"Name",AQ$2),0) -> 0.0030426402 | AR25: =IFERROR(GETPIVOTDATA("Coef. GTAP",Sheet3!$A$3,"Country",$A25,"AEZ",$B25,"Name",AR$2),0) -> 0 | AS25: =IFERROR(GETPIVOTDATA("Coef. GTAP",Sheet3!$A$3,"Country",$A25,"AEZ",$B25,"Name",AS$2),0) -> 0.002192635 | AT25: =IFERROR(GETPIVOTDATA("Coef. GTAP",Sheet3!$A$3,"Country",$A25,"AEZ",$B25,"Name",AT$2),0) -> 0.0023504363 | AU25: =IFERROR(GETPIVOTDATA("Coef. GTAP",Sheet3!$A$3,"Country",$A25,"AEZ",$B25,"Name",AU$2),0) -> 0.002497589 | AV25: =IFERROR(GETPIVOTDATA("Coef. GTAP",Sheet3!$A$3,"Country",$A25,"AEZ",$B25,"Name",AV$2),0) -> 0.003311598 | AW25: =IFERROR(GETPIVOTDATA("Coef. GTAP",Sheet3!$A$3,"Country",$A25,"AEZ",$B25,"Name",AW$2),0) -> 0.0028167032 | AX25: =IFERROR(GETPIVOTDATA("Coef. GTAP",Sheet3!$A$3,"Country",$A25,"AEZ",$B25,"Name",AX$2),0) -> 0.0016391487 | AY25: =IFERROR(GETPIVOTDATA("Coef. GTAP",Sheet3!$A$3,"Country",$A25,"AEZ",$B25,"Name",AY$2),0) -> 0.0015688205 | BA25: =AG25*AQ25 -> 348.59772 | BB25: =AH25*AR25 -> 0 | BC25: =AI25*AS25 -> 17133.475 | BD25: =AJ25*AT25 -> 78.662876 | BE25: =AK25*AU25 -> 6884.985 | BF25: =AL25*AV25 -> 215.2176 | BG25: =AM25*AW25 -> 1372.7867 | BH25: =AN25*AX25 -> 594.45729 | BI25: =AO25*AY25 -> 11249.235 | BK25: =BK24 -> Argentina | BL25: AEZ12 | BM25: =IFERROR(BA25/W25*100,0) -> 0.12256873 | BN25: =IFERROR(BB25/X25*100,0) -> 0 | BO25: =IFERROR(BC25/Y25*100,0) -> 0.27225464 | BP25: =IFERROR(BD25/Z25*100,0) -> 0.033466444 | BQ25: =IFERROR(BE25/AA25*100,0) -> 0.049849004 | BR25: =IFERROR(BF25/AB25*100,0) -> 0.11803741 | BS25: =IFERROR(BG25/AC25*100,0) -> 0.54823752 | BT25: =IFERROR(BH25/AD25*100,0) -> 0.109932 | BU25: =IFERROR(BI25/AE25*100,0) -> 0.25705898 | BV25: =(SUM(BA25:BI25)/SUM(W25:AE25))*100 -> 0.086517804 | BW25: =IF(BA25>0,1,0) -> 1 | BX25: =IF(BB25>0,1,0) -> 0 | BY25: =IF(BC25>0,1,0) -> 1 | BZ25: =IF(BD25>0,1,0) -> 1 | CA25: =IF(BE25>0,1,0) -> 1 | CB25: =IF(BF25>0,1,0) -> 1 | CC25: =IF(BG25>0,1,0) -> 1 | CD25: =IF(BH25>0,1,0) -> 1 | CE25: =IF(BI25>0,1,0) -> 1 | CG25: =BW25*W25 -> 284410 | CH25: =BX25*X25 -> 0 | CI25: =BY25*Y25 -> 6293180 | CJ25: =BZ25*Z25 -> 235050 | CK25: =CA25*AA25 -> 13811680 | CL25: =CB25*AB25 -> 182330 | CM25: =CC25*AC25 -> 250400 | CN25: =CD25*AD25 -> 540750 | CO25: =CE25*AE25 -> 4376130
A26: =A25 -> Argentina | B26: AEZ13 | C26: =_xlfn.CONCAT($A26,"#",$B26,"#",C$2) -> Argentina#AEZ13#c_b | D26: =_xlfn.CONCAT($A26,"#",$B26,"#",D$2) -> Argentina#AEZ13#ctl | E26: =_xlfn.CONCAT($A26,"#",$B26,"#",E$2) -> Argentina#AEZ13#gro | F26: =_xlfn.CONCAT($A26,"#",$B26,"#",F$2) -> Argentina#AEZ13#ocr | G26: =_xlfn.CONCAT($A26,"#",$B26,"#",G$2) -> Argentina#AEZ13#osd | H26: =_xlfn.CONCAT($A26,"#",$B26,"#",H$2) -> Argentina#AEZ13#pdr | I26: =_xlfn.CONCAT($A26,"#",$B26,"#",I$2) -> Argentina#AEZ13#pfb | J26: =_xlfn.CONCAT($A26,"#",$B26,"#",J$2) -> Argentina#AEZ13#v_f | K26: =_xlfn.CONCAT($A26,"#",$B26,"#",K$2) -> Argentina#AEZ13#wht | M26: =IFERROR(_xlfn.IFNA(VLOOKUP(C26,Additional_LU_and_deforestation!$D:$E,2,FALSE)/VLOOKUP(C26,Land_Cover_MIN_MAX!$A:$C,2,FALSE),0),0) -> 0 | N26: =IFERROR(_xlfn.IFNA(VLOOKUP(D26,Additional_LU_and_deforestation!$D:$E,2,FALSE)/VLOOKUP(D26,Land_Cover_MIN_MAX!$A:$C,2,FALSE),0),0) -> 0 | O26: =IFERROR(_xlfn.IFNA(VLOOKUP(E26,Additional_LU_and_deforestation!$D:$E,2,FALSE)/VLOOKUP(E26,Land_Cover_MIN_MAX!$A:$C,2,FALSE),0),0) -> 0 | P26: =IFERROR(_xlfn.IFNA(VLOOKUP(F26,Additional_LU_and_deforestation!$D:$E,2,FALSE)/VLOOKUP(F26,Land_Cover_MIN_MAX!$A:$C,2,FALSE),0),0) -> 0 | Q26: =IFERROR(_xlfn.IFNA(VLOOKUP(G26,Additional_LU_and_deforestation!$D:$E,2,FALSE)/VLOOKUP(G26,Land_Cover_MIN_MAX!$A:$C,2,FALSE),0),0) -> 0 | R26: =IFERROR(_xlfn.IFNA(VLOOKUP(H26,Additional_LU_and_deforestation!$D:$E,2,FALSE)/VLOOKUP(H26,Land_Cover_MIN_MAX!$A:$C,2,FALSE),0),0) -> 0 | S26: =IFERROR(_xlfn.IFNA(VLOOKUP(I26,Additional_LU_and_deforestation!$D:$E,2,FALSE)/VLOOKUP(I26,Land_Cover_MIN_MAX!$A:$C,2,FALSE),0),0) -> 0 | T26: =IFERROR(_xlfn.IFNA(VLOOKUP(J26,Additional_LU_and_deforestation!$D:$E,2,FALSE)/VLOOKUP(J26,Land_Cover_MIN_MAX!$A:$C,2,FALSE),0),0) -> 0 | U26: =IFERROR(_xlfn.IFNA(VLOOKUP(K26,Additional_LU_and_deforestation!$D:$E,2,FALSE)/VLOOKUP(K26,Land_Cover_MIN_MAX!$A:$C,2,FALSE),0),0) -> 0 | W26: =VLOOKUP(C26,GTAP_area!$A:$F,6,FALSE) -> 0 | X26: =VLOOKUP(D26,GTAP_area!$A:$F,6,FALSE) -> 994210 | Y26: =VLOOKUP(E26,GTAP_area!$A:$F,6,FALSE) -> 0 | Z26: =VLOOKUP(F26,GTAP_area!$A:$F,6,FALSE) -> 0 | AA26: =VLOOKUP(G26,GTAP_area!$A:$F,6,FALSE) -> 0 | AB26: =VLOOKUP(H26,GTAP_area!$A:$F,6,FALSE) -> 0 | AC26: =VLOOKUP(I26,GTAP_area!$A:$F,6,FALSE) -> 0 | AD26: =VLOOKUP(J26,GTAP_area!$A:$F,6,FALSE) -> 0 | AE26: =VLOOKUP(K26,GTAP_area!$A:$F,6,FALSE) -> 0 | AG26: =M26*W26 -> 0 | AH26: =N26*X26 -> 0 | AI26: =O26*Y26 -> 0 | AJ26: =P26*Z26 -> 0 | AK26: =Q26*AA26 -> 0 | AL26: =R26*AB26 -> 0 | AM26: =S26*AC26 -> 0 | AN26: =T26*AD26 -> 0 | AO26: =U26*AE26 -> 0 | AQ26: =IFERROR(GETPIVOTDATA("Coef. GTAP",Sheet3!$A$3,"Country",$A26,"AEZ",$B26,"Name",AQ$2),0) -> 0 | AR26: =IFERROR(GETPIVOTDATA("Coef. GTAP",Sheet3!$A$3,"Country",$A26,"AEZ",$B26,"Name",AR$2),0) -> 0 | AS26: =IFERROR(GETPIVOTDATA("Coef. GTAP",Sheet3!$A$3,"Country",$A26,"AEZ",$B26,"Name",AS$2),0) -> 0 | AT26: =IFERROR(GETPIVOTDATA("Coef. GTAP",Sheet3!$A$3,"Country",$A26,"AEZ",$B26,"Name",AT$2),0) -> 0 | AU26: =IFERROR(GETPIVOTDATA("Coef. GTAP",Sheet3!$A$3,"Country",$A26,"AEZ",$B26,"Name",AU$2),0) -> 0 | AV26: =IFERROR(GETPIVOTDATA("Coef. GTAP",Sheet3!$A$3,"Country",$A26,"AEZ",$B26,"Name",AV$2),0) -> 0 | AW26: =IFERROR(GETPIVOTDATA("Coef. GTAP",Sheet3!$A$3,"Country",$A26,"AEZ",$B26,"Name",AW$2),0) -> 0 | AX26: =IFERROR(GETPIVOTDATA("Coef. GTAP",Sheet3!$A$3,"Country",$A26,"AEZ",$B26,"Name",AX$2),0) -> 0 | AY26: =IFERROR(GETPIVOTDATA("Coef. GTAP",Sheet3!$A$3,"Country",$A26,"AEZ",$B26,"Name",AY$2),0) -> 0 | BA26: =AG26*AQ26 -> 0 | BB26: =AH26*AR26 -> 0 | BC26: =AI26*AS26 -> 0 | BD26: =AJ26*AT26 -> 0 | BE26: =AK26*AU26 -> 0 | BF26: =AL26*AV26 -> 0 | BG26: =AM26*AW26 -> 0 | BH26: =AN26*AX26 -> 0 | BI26: =AO26*AY26 -> 0 | BK26: =BK25 -> Argentina | BL26: AEZ13 | BM26: =IFERROR(BA26/W26*100,0) -> 0 | BN26: =IFERROR(BB26/X26*100,0) -> 0 | BO26: =IFERROR(BC26/Y26*100,0) -> 0 | BP26: =IFERROR(BD26/Z26*100,0) -> 0 | BQ26: =IFERROR(BE26/AA26*100,0) -> 0 | BR26: =IFERROR(BF26/AB26*100,0) -> 0 | BS26: =IFERROR(BG26/AC26*100,0) -> 0 | BT26: =IFERROR(BH26/AD26*100,0) -> 0 | BU26: =IFERROR(BI26/AE26*100,0) -> 0 | BV26: =(SUM(BA26:BI26)/SUM(W26:AE26))*100 -> 0 | BW26: =IF(BA26>0,1,0) -> 0 | BX26: =IF(BB26>0,1,0) -> 0 | BY26: =IF(BC26>0,1,0) -> 0 | BZ26: =IF(BD26>0,1,0) -> 0 | CA26: =IF(BE26>0,1,0) -> 0 | CB26: =IF(BF26>0,1,0) -> 0 | CC26: =IF(BG26>0,1,0) -> 0 | CD26: =IF(BH26>0,1,0) -> 0 | CE26: =IF(BI26>0,1,0) -> 0 | CG26: =BW26*W26 -> 0 | CH26: =BX26*X26 -> 0 | CI26: =BY26*Y26 -> 0 | CJ26: =BZ26*Z26 -> 0 | CK26: =CA26*AA26 -> 0 | CL26: =CB26*AB26 -> 0 | CM26: =CC26*AC26 -> 0 | CN26: =CD26*AD26 -> 0 | CO26: =CE26*AE26 -> 0
A27: =A26 -> Argentina | B27: AEZ14 | C27: =_xlfn.CONCAT($A27,"#",$B27,"#",C$2) -> Argentina#AEZ14#c_b | D27: =_xlfn.CONCAT($A27,"#",$B27,"#",D$2) -> Argentina#AEZ14#ctl | E27: =_xlfn.CONCAT($A27,"#",$B27,"#",E$2) -> Argentina#AEZ14#gro | F27: =_xlfn.CONCAT($A27,"#",$B27,"#",F$2) -> Argentina#AEZ14#ocr | G27: =_xlfn.CONCAT($A27,"#",$B27,"#",G$2) -> Argentina#AEZ14#osd | H27: =_xlfn.CONCAT($A27,"#",$B27,"#",H$2) -> Argentina#AEZ14#pdr | I27: =_xlfn.CONCAT($A27,"#",$B27,"#",I$2) -> Argentina#AEZ14#pfb | J27: =_xlfn.CONCAT($A27,"#",$B27,"#",J$2) -> Argentina#AEZ14#v_f | K27: =_xlfn.CONCAT($A27,"#",$B27,"#",K$2) -> Argentina#AEZ14#wht | M27: =IFERROR(_xlfn.IFNA(VLOOKUP(C27,Additional_LU_and_deforestation!$D:$E,2,FALSE)/VLOOKUP(C27,Land_Cover_MIN_MAX!$A:$C,2,FALSE),0),0) -> 0 | N27: =IFERROR(_xlfn.IFNA(VLOOKUP(D27,Additional_LU_and_deforestation!$D:$E,2,FALSE)/VLOOKUP(D27,Land_Cover_MIN_MAX!$A:$C,2,FALSE),0),0) -> 0 | O27: =IFERROR(_xlfn.IFNA(VLOOKUP(E27,Additional_LU_and_deforestation!$D:$E,2,FALSE)/VLOOKUP(E27,Land_Cover_MIN_MAX!$A:$C,2,FALSE),0),0) -> 0 | P27: =IFERROR(_xlfn.IFNA(VLOOKUP(F27,Additional_LU_and_deforestation!$D:$E,2,FALSE)/VLOOKUP(F27,Land_Cover_MIN_MAX!$A:$C,2,FALSE),0),0) -> 0 | Q27: =IFERROR(_xlfn.IFNA(VLOOKUP(G27,Additional_LU_and_deforestation!$D:$E,2,FALSE)/VLOOKUP(G27,Land_Cover_MIN_MAX!$A:$C,2,FALSE),0),0) -> 0 | R27: =IFERROR(_xlfn.IFNA(VLOOKUP(H27,Additional_LU_and_deforestation!$D:$E,2,FALSE)/VLOOKUP(H27,Land_Cover_MIN_MAX!$A:$C,2,FALSE),0),0) -> 0 | S27: =IFERROR(_xlfn.IFNA(VLOOKUP(I27,Additional_LU_and_deforestation!$D:$E,2,FALSE)/VLOOKUP(I27,Land_Cover_MIN_MAX!$A:$C,2,FALSE),0),0) -> 0 | T27: =IFERROR(_xlfn.IFNA(VLOOKUP(J27,Additional_LU_and_deforestation!$D:$E,2,FALSE)/VLOOKUP(J27,Land_Cover_MIN_MAX!$A:$C,2,FALSE),0),0) -> 0 | U27: =IFERROR(_xlfn.IFNA(VLOOKUP(K27,Additional_LU_and_deforestation!$D:$E,2,FALSE)/VLOOKUP(K27,Land_Cover_MIN_MAX!$A:$C,2,FALSE),0),0) -> 0 | W27: =VLOOKUP(C27,GTAP_area!$A:$F,6,FALSE) -> 0 | X27: =VLOOKUP(D27,GTAP_area!$A:$F,6,FALSE) -> 1853080 | Y27: =VLOOKUP(E27,GTAP_area!$A:$F,6,FALSE) -> 280 | Z27: =VLOOKUP(F27,GTAP_area!$A:$F,6,FALSE) -> 0 | AA27: =VLOOKUP(G27,GTAP_area!$A:$F,6,FALSE) -> 20 | AB27: =VLOOKUP(H27,GTAP_area!$A:$F,6,FALSE) -> 0 | AC27: =VLOOKUP(I27,GTAP_area!$A:$F,6,FALSE) -> 0 | AD27: =VLOOKUP(J27,GTAP_area!$A:$F,6,FALSE) -> 160 | AE27: =VLOOKUP(K27,GTAP_area!$A:$F,6,FALSE) -> 220 | AG27: =M27*W27 -> 0 | AH27: =N27*X27 -> 0 | AI27: =O27*Y27 -> 0 | AJ27: =P27*Z27 -> 0 | AK27: =Q27*AA27 -> 0 | AL27: =R27*AB27 -> 0 | AM27: =S27*AC27 -> 0 | AN27: =T27*AD27 -> 0 | AO27: =U27*AE27 -> 0 | AQ27: =IFERROR(GETPIVOTDATA("Coef. GTAP",Sheet3!$A$3,"Country",$A27,"AEZ",$B27,"Name",AQ$2),0) -> 0 | AR27: =IFERROR(GETPIVOTDATA("Coef. GTAP",Sheet3!$A$3,"Country",$A27,"AEZ",$B27,"Name",AR$2),0) -> 0 | AS27: =IFERROR(GETPIVOTDATA("Coef. GTAP",Sheet3!$A$3,"Country",$A27,"AEZ",$B27,"Name",AS$2),0) -> 0 | AT27: =IFERROR(GETPIVOTDATA("Coef. GTAP",Sheet3!$A$3,"Country",$A27,"AEZ",$B27,"Name",AT$2),0) -> 0 | AU27: =IFERROR(GETPIVOTDATA("Coef. GTAP",Sheet3!$A$3,"Country",$A27,"AEZ",$B27,"Name",AU$2),0) -> 0 | AV27: =IFERROR(GETPIVOTDATA("Coef. GTAP",Sheet3!$A$3,"Country",$A27,"AEZ",$B27,"Name",AV$2),0) -> 0 | AW27: =IFERROR(GETPIVOTDATA("Coef. GTAP",Sheet3!$A$3,"Country",$A27,"AEZ",$B27,"Name",AW$2),0) -> 0 | AX27: =IFERROR(GETPIVOTDATA("Coef. GTAP",Sheet3!$A$3,"Country",$A27,"AEZ",$B27,"Name",AX$2),0) -> 0 | AY27: =IFERROR(GETPIVOTDATA("Coef. GTAP",Sheet3!$A$3,"Country",$A27,"AEZ",$B27,"Name",AY$2),0) -> 0 | BA27: =AG27*AQ27 -> 0 | BB27: =AH27*AR27 -> 0 | BC27: =AI27*AS27 -> 0 | BD27: =AJ27*AT27 -> 0 | BE27: =AK27*AU27 -> 0 | BF27: =AL27*AV27 -> 0 | BG27: =AM27*AW27 -> 0 | BH27: =AN27*AX27 -> 0 | BI27: =AO27*AY27 -> 0 | BK27: =BK26 -> Argentina | BL27: AEZ14 | BM27: =IFERROR(BA27/W27*100,0) -> 0 | BN27: =IFERROR(BB27/X27*100,0) -> 0 | BO27: =IFERROR(BC27/Y27*100,0) -> 0 | BP27: =IFERROR(BD27/Z27*100,0) -> 0 | BQ27: =IFERROR(BE27/AA27*100,0) -> 0 | BR27: =IFERROR(BF27/AB27*100,0) -> 0 | BS27: =IFERROR(BG27/AC27*100,0) -> 0 | BT27: =IFERROR(BH27/AD27*100,0) -> 0 | BU27: =IFERROR(BI27/AE27*100,0) -> 0 | BV27: =(SUM(BA27:BI27)/SUM(W27:AE27))*100 -> 0 | BW27: =IF(BA27>0,1,0) -> 0 | BX27: =IF(BB27>0,1,0) -> 0 | BY27: =IF(BC27>0,1,0) -> 0 | BZ27: =IF(BD27>0,1,0) -> 0 | CA27: =IF(BE27>0,1,0) -> 0 | CB27: =IF(BF27>0,1,0) -> 0 | CC27: =IF(BG27>0,1,0) -> 0 | CD27: =IF(BH27>0,1,0) -> 0 | CE27: =IF(BI27>0,1,0) -> 0 | CG27: =BW27*W27 -> 0 | CH27: =BX27*X27 -> 0 | CI27: =BY27*Y27 -> 0 | CJ27: =BZ27*Z27 -> 0 | CK27: =CA27*AA27 -> 0 | CL27: =CB27*AB27 -> 0 | CM27: =CC27*AC27 -> 0 | CN27: =CD27*AD27 -> 0 | CO27: =CE27*AE27 -> 0
A28: =A27 -> Argentina | B28: AEZ15 | C28: =_xlfn.CONCAT($A28,"#",$B28,"#",C$2) -> Argentina#AEZ15#c_b | D28: =_xlfn.CONCAT($A28,"#",$B28,"#",D$2) -> Argentina#AEZ15#ctl | E28: =_xlfn.CONCAT($A28,"#",$B28,"#",E$2) -> Argentina#AEZ15#gro | F28: =_xlfn.CONCAT($A28,"#",$B28,"#",F$2) -> Argentina#AEZ15#ocr | G28: =_xlfn.CONCAT($A28,"#",$B28,"#",G$2) -> Argentina#AEZ15#osd | H28: =_xlfn.CONCAT($A28,"#",$B28,"#",H$2) -> Argentina#AEZ15#pdr | I28: =_xlfn.CONCAT($A28,"#",$B28,"#",I$2) -> Argentina#AEZ15#pfb | J28: =_xlfn.CONCAT($A28,"#",$B28,"#",J$2) -> Argentina#AEZ15#v_f | K28: =_xlfn.CONCAT($A28,"#",$B28,"#",K$2) -> Argentina#AEZ15#wht | M28: =IFERROR(_xlfn.IFNA(VLOOKUP(C28,Additional_LU_and_deforestation!$D:$E,2,FALSE)/VLOOKUP(C28,Land_Cover_MIN_MAX!$A:$C,2,FALSE),0),0) -> 0 | N28: =IFERROR(_xlfn.IFNA(VLOOKUP(D28,Additional_LU_and_deforestation!$D:$E,2,FALSE)/VLOOKUP(D28,Land_Cover_MIN_MAX!$A:$C,2,FALSE),0),0) -> 0.0064516129 | O28: =IFERROR(_xlfn.IFNA(VLOOKUP(E28,Additional_LU_and_deforestation!$D:$E,2,FALSE)/VLOOKUP(E28,Land_Cover_MIN_MAX!$A:$C,2,FALSE),0),0) -> 1.2416779 | P28: =IFERROR(_xlfn.IFNA(VLOOKUP(F28,Additional_LU_and_deforestation!$D:$E,2,FALSE)/VLOOKUP(F28,Land_Cover_MIN_MAX!$A:$C,2,FALSE),0),0) -> 0 | Q28: =IFERROR(_xlfn.IFNA(VLOOKUP(G28,Additional_LU_and_deforestation!$D:$E,2,FALSE)/VLOOKUP(G28,Land_Cover_MIN_MAX!$A:$C,2,FALSE),0),0) -> 0.1995885 | R28: =IFERROR(_xlfn.IFNA(VLOOKUP(H28,Additional_LU_and_deforestation!$D:$E,2,FALSE)/VLOOKUP(H28,Land_Cover_MIN_MAX!$A:$C,2,FALSE),0),0) -> 0 | S28: =IFERROR(_xlfn.IFNA(VLOOKUP(I28,Additional_LU_and_deforestation!$D:$E,2,FALSE)/VLOOKUP(I28,Land_Cover_MIN_MAX!$A:$C,2,FALSE),0),0) -> 0 | T28: =IFERROR(_xlfn.IFNA(VLOOKUP(J28,Additional_LU_and_deforestation!$D:$E,2,FALSE)/VLOOKUP(J28,Land_Cover_MIN_MAX!$A:$C,2,FALSE),0),0) -> 0.6706652 | U28: =IFERROR(_xlfn.IFNA(VLOOKUP(K28,Additional_LU_and_deforestation!$D:$E,2,FALSE)/VLOOKUP(K28,Land_Cover_MIN_MAX!$A:$C,2,FALSE),0),0) -> 1.6385493 | W28: =VLOOKUP(C28,GTAP_area!$A:$F,6,FALSE) -> 0 | X28: =VLOOKUP(D28,GTAP_area!$A:$F,6,FALSE) -> 385230 | Y28: =VLOOKUP(E28,GTAP_area!$A:$F,6,FALSE) -> 590 | Z28: =VLOOKUP(F28,GTAP_area!$A:$F,6,FALSE) -> 0 | AA28: =VLOOKUP(G28,GTAP_area!$A:$F,6,FALSE) -> 50 | AB28: =VLOOKUP(H28,GTAP_area!$A:$F,6,FALSE) -> 0 | AC28: =VLOOKUP(I28,GTAP_area!$A:$F,6,FALSE) -> 0 | AD28: =VLOOKUP(J28,GTAP_area!$A:$F,6,FALSE) -> 510 | AE28: =VLOOKUP(K28,GTAP_area!$A:$F,6,FALSE) -> 820 | AG28: =M28*W28 -> 0 | AH28: =N28*X28 -> 2485.3548 | AI28: =O28*Y28 -> 732.58998 | AJ28: =P28*Z28 -> 0 | AK28: =Q28*AA28 -> 9.979425 | AL28: =R28*AB28 -> 0 | AM28: =S28*AC28 -> 0 | AN28: =T28*AD28 -> 342.03925 | AO28: =U28*AE28 -> 1343.6104 | AQ28: =IFERROR(GETPIVOTDATA("Coef. GTAP",Sheet3!$A$3,"Country",$A28,"AEZ",$B28,"Name",AQ$2),0) -> 0 | AR28: =IFERROR(GETPIVOTDATA("Coef. GTAP",Sheet3!$A$3,"Country",$A28,"AEZ",$B28,"Name",AR$2),0) -> 1 | AS28: =IFERROR(GETPIVOTDATA("Coef. GTAP",Sheet3!$A$3,"Country",$A28,"AEZ",$B28,"Name",AS$2),0) -> 0.12562473 | AT28: =IFERROR(GETPIVOTDATA("Coef. GTAP",Sheet3!$A$3,"Country",$A28,"AEZ",$B28,"Name",AT$2),0) -> 0 | AU28: =IFERROR(GETPIVOTDATA("Coef. GTAP",Sheet3!$A$3,"Country",$A28,"AEZ",$B28,"Name",AU$2),0) -> 0.13616829 | AV28: =IFERROR(GETPIVOTDATA("Coef. GTAP",Sheet3!$A$3,"Country",$A28,"AEZ",$B28,"Name",AV$2),0) -> 0 | AW28: =IFERROR(GETPIVOTDATA("Coef. GTAP",Sheet3!$A$3,"Country",$A28,"AEZ",$B28,"Name",AW$2),0) -> 0 | AX28: =IFERROR(GETPIVOTDATA("Coef. GTAP",Sheet3!$A$3,"Country",$A28,"AEZ",$B28,"Name",AX$2),0) -> 0.026944703 | AY28: =IFERROR(GETPIVOTDATA("Coef. GTAP",Sheet3!$A$3,"Country",$A28,"AEZ",$B28,"Name",AY$2),0) -> 0.066360358 | BA28: =AG28*AQ28 -> 0 | BB28: =AH28*AR28 -> 2485.3548 | BC28: =AI28*AS28 -> 92.031417 | BD28: =AJ28*AT28 -> 0 | BE28: =AK28*AU28 -> 1.3588812 | BF28: =AL28*AV28 -> 0 | BG28: =AM28*AW28 -> 0 | BH28: =AN28*AX28 -> 9.216146 | BI28: =AO28*AY28 -> 89.16247 | BK28: =BK27 -> Argentina | BL28: AEZ15 | BM28: =IFERROR(BA28/W28*100,0) -> 0 | BN28: =IFERROR(BB28/X28*100,0) -> 0.64516129 | BO28: =IFERROR(BC28/Y28*100,0) -> 15.598545 | BP28: =IFERROR(BD28/Z28*100,0) -> 0 | BQ28: =IFERROR(BE28/AA28*100,0) -> 2.7177624 | BR28: =IFERROR(BF28/AB28*100,0) -> 0 | BS28: =IFERROR(BG28/AC28*100,0) -> 0 | BT28: =IFERROR(BH28/AD28*100,0) -> 1.8070875 | BU28: =IFERROR(BI28/AE28*100,0) -> 10.873472 | BV28: =(SUM(BA28:BI28)/SUM(W28:AE28))*100 -> 0.69140593 | BW28: =IF(BA28>0,1,0) -> 0 | BX28: =IF(BB28>0,1,0) -> 1 | BY28: =IF(BC28>0,1,0) -> 1 | BZ28: =IF(BD28>0,1,0) -> 0 | CA28: =IF(BE28>0,1,0) -> 1 | CB28: =IF(BF28>0,1,0) -> 0 | CC28: =IF(BG28>0,1,0) -> 0 | CD28: =IF(BH28>0,1,0) -> 1 | CE28: =IF(BI28>0,1,0) -> 1 | CG28: =BW28*W28 -> 0 | CH28: =BX28*X28 -> 385230 | CI28: =BY28*Y28 -> 590 | CJ28: =BZ28*Z28 -> 0 | CK28: =CA28*AA28 -> 50 | CL28: =CB28*AB28 -> 0 | CM28: =CC28*AC28 -> 0 | CN28: =CD28*AD28 -> 510 | CO28: =CE28*AE28 -> 820
A29: =A28 -> Argentina | B29: AEZ16 | C29: =_xlfn.CONCAT($A29,"#",$B29,"#",C$2) -> Argentina#AEZ16#c_b | D29: =_xlfn.CONCAT($A29,"#",$B29,"#",D$2) -> Argentina#AEZ16#ctl | E29: =_xlfn.CONCAT($A29,"#",$B29,"#",E$2) -> Argentina#AEZ16#gro | F29: =_xlfn.CONCAT($A29,"#",$B29,"#",F$2) -> Argentina#AEZ16#ocr | G29: =_xlfn.CONCAT($A29,"#",$B29,"#",G$2) -> Argentina#AEZ16#osd | H29: =_xlfn.CONCAT($A29,"#",$B29,"#",H$2) -> Argentina#AEZ16#pdr | I29: =_xlfn.CONCAT($A29,"#",$B29,"#",I$2) -> Argentina#AEZ16#pfb | J29: =_xlfn.CONCAT($A29,"#",$B29,"#",J$2) -> Argentina#AEZ16#v_f | K29: =_xlfn.CONCAT($A29,"#",$B29,"#",K$2) -> Argentina#AEZ16#wht | M29: =IFERROR(_xlfn.IFNA(VLOOKUP(C29,Additional_LU_and_deforestation!$D:$E,2,FALSE)/VLOOKUP(C29,Land_Cover_MIN_MAX!$A:$C,2,FALSE),0),0) -> 0 | N29: =IFERROR(_xlfn.IFNA(VLOOKUP(D29,Additional_LU_and_deforestation!$D:$E,2,FALSE)/VLOOKUP(D29,Land_Cover_MIN_MAX!$A:$C,2,FALSE),0),0) -> 0.0054780876 | O29: =IFERROR(_xlfn.IFNA(VLOOKUP(E29,Additional_LU_and_deforestation!$D:$E,2,FALSE)/VLOOKUP(E29,Land_Cover_MIN_MAX!$A:$C,2,FALSE),0),0) -> 1.2416779 | P29: =IFERROR(_xlfn.IFNA(VLOOKUP(F29,Additional_LU_and_deforestation!$D:$E,2,FALSE)/VLOOKUP(F29,Land_Cover_MIN_MAX!$A:$C,2,FALSE),0),0) -> 0 | Q29: =IFERROR(_xlfn.IFNA(VLOOKUP(G29,Additional_LU_and_deforestation!$D:$E,2,FALSE)/VLOOKUP(G29,Land_Cover_MIN_MAX!$A:$C,2,FALSE),0),0) -> 0.1995885 | R29: =IFERROR(_xlfn.IFNA(VLOOKUP(H29,Additional_LU_and_deforestation!$D:$E,2,FALSE)/VLOOKUP(H29,Land_Cover_MIN_MAX!$A:$C,2,FALSE),0),0) -> 0 | S29: =IFERROR(_xlfn.IFNA(VLOOKUP(I29,Additional_LU_and_deforestation!$D:$E,2,FALSE)/VLOOKUP(I29,Land_Cover_MIN_MAX!$A:$C,2,FALSE),0),0) -> 0 | T29: =IFERROR(_xlfn.IFNA(VLOOKUP(J29,Additional_LU_and_deforestation!$D:$E,2,FALSE)/VLOOKUP(J29,Land_Cover_MIN_MAX!$A:$C,2,FALSE),0),0) -> 0.6706652 | U29: =IFERROR(_xlfn.IFNA(VLOOKUP(K29,Additional_LU_and_deforestation!$D:$E,2,FALSE)/VLOOKUP(K29,Land_Cover_MIN_MAX!$A:$C,2,FALSE),0),0) -> 1.6385493 | W29: =VLOOKUP(C29,GTAP_area!$A:$F,6,FALSE) -> 0 | X29: =VLOOKUP(D29,GTAP_area!$A:$F,6,FALSE) -> 226270 | Y29: =VLOOKUP(E29,GTAP_area!$A:$F,6,FALSE) -> 190 | Z29: =VLOOKUP(F29,GTAP_area!$A:$F,6,FALSE) -> 0 | AA29: =VLOOKUP(G29,GTAP_area!$A:$F,6,FALSE) -> 10 | AB29: =VLOOKUP(H29,GTAP_area!$A:$F,6,FALSE) -> 0 | AC29: =VLOOKUP(I29,GTAP_area!$A:$F,6,FALSE) -> 0 | AD29: =VLOOKUP(J29,GTAP_area!$A:$F,6,FALSE) -> 160 | AE29: =VLOOKUP(K29,GTAP_area!$A:$F,6,FALSE) -> 770 | AG29: =M29*W29 -> 0 | AH29: =N29*X29 -> 1239.5269 | AI29: =O29*Y29 -> 235.91881 | AJ29: =P29*Z29 -> 0 | AK29: =Q29*AA29 -> 1.995885 | AL29: =R29*AB29 -> 0 | AM29: =S29*AC29 -> 0 | AN29: =T29*AD29 -> 107.30643 | AO29: =U29*AE29 -> 1261.683 | AQ29: =IFERROR(GETPIVOTDATA("Coef. GTAP",Sheet3!$A$3,"Country",$A29,"AEZ",$B29,"Name",AQ$2),0) -> 0 | AR29: =IFERROR(GETPIVOTDATA("Coef. GTAP",Sheet3!$A$3,"Country",$A29,"AEZ",$B29,"Name",AR$2),0) -> 1 | AS29: =IFERROR(GETPIVOTDATA("Coef. GTAP",Sheet3!$A$3,"Country",$A29,"AEZ",$B29,"Name",AS$2),0) -> 0.22388285 | AT29: =IFERROR(GETPIVOTDATA("Coef. GTAP",Sheet3!$A$3,"Country",$A29,"AEZ",$B29,"Name",AT$2),0) -> 0 | AU29: =IFERROR(GETPIVOTDATA("Coef. GTAP",Sheet3!$A$3,"Country",$A29,"AEZ",$B29,"Name",AU$2),0) -> 0.21517194 | AV29: =IFERROR(GETPIVOTDATA("Coef. GTAP",Sheet3!$A$3,"Country",$A29,"AEZ",$B29,"Name",AV$2),0) -> 0 | AW29: =IFERROR(GETPIVOTDATA("Coef. GTAP",Sheet3!$A$3,"Country",$A29,"AEZ",$B29,"Name",AW$2),0) -> 0 | AX29: =IFERROR(GETPIVOTDATA("Coef. GTAP",Sheet3!$A$3,"Country",$A29,"AEZ",$B29,"Name",AX$2),0) -> 0.074306466 | AY29: =IFERROR(GETPIVOTDATA("Coef. GTAP",Sheet3!$A$3,"Country",$A29,"AEZ",$B29,"Name",AY$2),0) -> 0.10486206 | BA29: =AG29*AQ29 -> 0 | BB29: =AH29*AR29 -> 1239.5269 | BC29: =AI29*AS29 -> 52.818175 | BD29: =AJ29*AT29 -> 0 | BE29: =AK29*AU29 -> 0.42945844 | BF29: =AL29*AV29 -> 0 | BG29: =AM29*AW29 -> 0 | BH29: =AN29*AX29 -> 7.9735618 | BI29: =AO29*AY29 -> 132.30267 | BK29: =BK28 -> Argentina | BL29: AEZ16 | BM29: =IFERROR(BA29/W29*100,0) -> 0 | BN29: =IFERROR(BB29/X29*100,0) -> 0.54780876 | BO29: =IFERROR(BC29/Y29*100,0) -> 27.79904 | BP29: =IFERROR(BD29/Z29*100,0) -> 0 | BQ29: =IFERROR(BE29/AA29*100,0) -> 4.2945844 | BR29: =IFERROR(BF29/AB29*100,0) -> 0 | BS29: =IFERROR(BG29/AC29*100,0) -> 0 | BT29: =IFERROR(BH29/AD29*100,0) -> 4.9834761 | BU29: =IFERROR(BI29/AE29*100,0) -> 17.182165 | BV29: =(SUM(BA29:BI29)/SUM(W29:AE29))*100 -> 0.63018943 | BW29: =IF(BA29>0,1,0) -> 0 | BX29: =IF(BB29>0,1,0) -> 1 | BY29: =IF(BC29>0,1,0) -> 1 | BZ29: =IF(BD29>0,1,0) -> 0 | CA29: =IF(BE29>0,1,0) -> 1 | CB29: =IF(BF29>0,1,0) -> 0 | CC29: =IF(BG29>0,1,0) -> 0 | CD29: =IF(BH29>0,1,0) -> 1 | CE29: =IF(BI29>0,1,0) -> 1 | CG29: =BW29*W29 -> 0 | CH29: =BX29*X29 -> 226270 | CI29: =BY29*Y29 -> 190 | CJ29: =BZ29*Z29 -> 0 | CK29: =CA29*AA29 -> 10 | CL29: =CB29*AB29 -> 0 | CM29: =CC29*AC29 -> 0 | CN29: =CD29*AD29 -> 160 | CO29: =CE29*AE29 -> 770
A30: =A29 -> Argentina | B30: AEZ17 | C30: =_xlfn.CONCAT($A30,"#",$B30,"#",C$2) -> Argentina#AEZ17#c_b | D30: =_xlfn.CONCAT($A30,"#",$B30,"#",D$2) -> Argentina#AEZ17#ctl | E30: =_xlfn.CONCAT($A30,"#",$B30,"#",E$2) -> Argentina#AEZ17#gro | F30: =_xlfn.CONCAT($A30,"#",$B30,"#",F$2) -> Argentina#AEZ17#ocr | G30: =_xlfn.CONCAT($A30,"#",$B30,"#",G$2) -> Argentina#AEZ17#osd | H30: =_xlfn.CONCAT($A30,"#",$B30,"#",H$2) -> Argentina#AEZ17#pdr | I30: =_xlfn.CONCAT($A30,"#",$B30,"#",I$2) -> Argentina#AEZ17#pfb | J30: =_xlfn.CONCAT($A30,"#",$B30,"#",J$2) -> Argentina#AEZ17#v_f | K30: =_xlfn.CONCAT($A30,"#",$B30,"#",K$2) -> Argentina#AEZ17#wht | M30: =IFERROR(_xlfn.IFNA(VLOOKUP(C30,Additional_LU_and_deforestation!$D:$E,2,FALSE)/VLOOKUP(C30,Land_Cover_MIN_MAX!$A:$C,2,FALSE),0),0) -> 0 | N30: =IFERROR(_xlfn.IFNA(VLOOKUP(D30,Additional_LU_and_deforestation!$D:$E,2,FALSE)/VLOOKUP(D30,Land_Cover_MIN_MAX!$A:$C,2,FALSE),0),0) -> 0 | O30: =IFERROR(_xlfn.IFNA(VLOOKUP(E30,Additional_LU_and_deforestation!$D:$E,2,FALSE)/VLOOKUP(E30,Land_Cover_MIN_MAX!$A:$C,2,FALSE),0),0) -> 0 | P30: =IFERROR(_xlfn.IFNA(VLOOKUP(F30,Additional_LU_and_deforestation!$D:$E,2,FALSE)/VLOOKUP(F30,Land_Cover_MIN_MAX!$A:$C,2,FALSE),0),0) -> 0 | Q30: =IFERROR(_xlfn.IFNA(VLOOKUP(G30,Additional_LU_and_deforestation!$D:$E,2,FALSE)/VLOOKUP(G30,Land_Cover_MIN_MAX!$A:$C,2,FALSE),0),0) -> 0 | R30: =IFERROR(_xlfn.IFNA(VLOOKUP(H30,Additional_LU_and_deforestation!$D:$E,2,FALSE)/VLOOKUP(H30,Land_Cover_MIN_MAX!$A:$C,2,FALSE),0),0) -> 0 | S30: =IFERROR(_xlfn.IFNA(VLOOKUP(I30,Additional_LU_and_deforestation!$D:$E,2,FALSE)/VLOOKUP(I30,Land_Cover_MIN_MAX!$A:$C,2,FALSE),0),0) -> 0 | T30: =IFERROR(_xlfn.IFNA(VLOOKUP(J30,Additional_LU_and_deforestation!$D:$E,2,FALSE)/VLOOKUP(J30,Land_Cover_MIN_MAX!$A:$C,2,FALSE),0),0) -> 0 | U30: =IFERROR(_xlfn.IFNA(VLOOKUP(K30,Additional_LU_and_deforestation!$D:$E,2,FALSE)/VLOOKUP(K30,Land_Cover_MIN_MAX!$A:$C,2,FALSE),0),0) -> 0 | W30: =VLOOKUP(C30,GTAP_area!$A:$F,6,FALSE) -> 0 | X30: =VLOOKUP(D30,GTAP_area!$A:$F,6,FALSE) -> 800 | Y30: =VLOOKUP(E30,GTAP_area!$A:$F,6,FALSE) -> 0 | Z30: =VLOOKUP(F30,GTAP_area!$A:$F,6,FALSE) -> 0 | AA30: =VLOOKUP(G30,GTAP_area!$A:$F,6,FALSE) -> 0 | AB30: =VLOOKUP(H30,GTAP_area!$A:$F,6,FALSE) -> 0 | AC30: =VLOOKUP(I30,GTAP_area!$A:$F,6,FALSE) -> 0 | AD30: =VLOOKUP(J30,GTAP_area!$A:$F,6,FALSE) -> 0 | AE30: =VLOOKUP(K30,GTAP_area!$A:$F,6,FALSE) -> 0 | AG30: =M30*W30 -> 0 | AH30: =N30*X30 -> 0 | AI30: =O30*Y30 -> 0 | AJ30: =P30*Z30 -> 0 | AK30: =Q30*AA30 -> 0 | AL30: =R30*AB30 -> 0 | AM30: =S30*AC30 -> 0 | AN30: =T30*AD30 -> 0 | AO30: =U30*AE30 -> 0 | AQ30: =IFERROR(GETPIVOTDATA("Coef. GTAP",Sheet3!$A$3,"Country",$A30,"AEZ",$B30,"Name",AQ$2),0) -> 0 | AR30: =IFERROR(GETPIVOTDATA("Coef. GTAP",Sheet3!$A$3,"Country",$A30,"AEZ",$B30,"Name",AR$2),0) -> 0 | AS30: =IFERROR(GETPIVOTDATA("Coef. GTAP",Sheet3!$A$3,"Country",$A30,"AEZ",$B30,"Name",AS$2),0) -> 0 | AT30: =IFERROR(GETPIVOTDATA("Coef. GTAP",Sheet3!$A$3,"Country",$A30,"AEZ",$B30,"Name",AT$2),0) -> 0 | AU30: =IFERROR(GETPIVOTDATA("Coef. GTAP",Sheet3!$A$3,"Country",$A30,"AEZ",$B30,"Name",AU$2),0) -> 0 | AV30: =IFERROR(GETPIVOTDATA("Coef. GTAP",Sheet3!$A$3,"Country",$A30,"AEZ",$B30,"Name",AV$2),0) -> 0 | AW30: =IFERROR(GETPIVOTDATA("Coef. GTAP",Sheet3!$A$3,"Country",$A30,"AEZ",$B30,"Name",AW$2),0) -> 0 | AX30: =IFERROR(GETPIVOTDATA("Coef. GTAP",Sheet3!$A$3,"Country",$A30,"AEZ",$B30,"Name",AX$2),0) -> 0 | AY30: =IFERROR(GETPIVOTDATA("Coef. GTAP",Sheet3!$A$3,"Country",$A30,"AEZ",$B30,"Name",AY$2),0) -> 0 | BA30: =AG30*AQ30 -> 0 | BB30: =AH30*AR30 -> 0 | BC30: =AI30*AS30 -> 0 | BD30: =AJ30*AT30 -> 0 | BE30: =AK30*AU30 -> 0 | BF30: =AL30*AV30 -> 0 | BG30: =AM30*AW30 -> 0 | BH30: =AN30*AX30 -> 0 | BI30: =AO30*AY30 -> 0 | BK30: =BK29 -> Argentina | BL30: AEZ17 | BM30: =IFERROR(BA30/W30*100,0) -> 0 | BN30: =IFERROR(BB30/X30*100,0) -> 0 | BO30: =IFERROR(BC30/Y30*100,0) -> 0 | BP30: =IFERROR(BD30/Z30*100,0) -> 0 | BQ30: =IFERROR(BE30/AA30*100,0) -> 0 | BR30: =IFERROR(BF30/AB30*100,0) -> 0 | BS30: =IFERROR(BG30/AC30*100,0) -> 0 | BT30: =IFERROR(BH30/AD30*100,0) -> 0 | BU30: =IFERROR(BI30/AE30*100,0) -> 0 | BV30: =(SUM(BA30:BI30)/SUM(W30:AE30))*100 -> 0 | BW30: =IF(BA30>0,1,0) -> 0 | BX30: =IF(BB30>0,1,0) -> 0 | BY30: =IF(BC30>0,1,0) -> 0 | BZ30: =IF(BD30>0,1,0) -> 0 | CA30: =IF(BE30>0,1,0) -> 0 | CB30: =IF(BF30>0,1,0) -> 0 | CC30: =IF(BG30>0,1,0) -> 0 | CD30: =IF(BH30>0,1,0) -> 0 | CE30: =IF(BI30>0,1,0) -> 0 | CG30: =BW30*W30 -> 0 | CH30: =BX30*X30 -> 0 | CI30: =BY30*Y30 -> 0 | CJ30: =BZ30*Z30 -> 0 | CK30: =CA30*AA30 -> 0 | CL30: =CB30*AB30 -> 0 | CM30: =CC30*AC30 -> 0 | CN30: =CD30*AD30 -> 0 | CO30: =CE30*AE30 -> 0
A31: =A30 -> Argentina | B31: AEZ18 | C31: =_xlfn.CONCAT($A31,"#",$B31,"#",C$2) -> Argentina#AEZ18#c_b | D31: =_xlfn.CONCAT($A31,"#",$B31,"#",D$2) -> Argentina#AEZ18#ctl | E31: =_xlfn.CONCAT($A31,"#",$B31,"#",E$2) -> Argentina#AEZ18#gro | F31: =_xlfn.CONCAT($A31,"#",$B31,"#",F$2) -> Argentina#AEZ18#ocr | G31: =_xlfn.CONCAT($A31,"#",$B31,"#",G$2) -> Argentina#AEZ18#osd | H31: =_xlfn.CONCAT($A31,"#",$B31,"#",H$2) -> Argentina#AEZ18#pdr | I31: =_xlfn.CONCAT($A31,"#",$B31,"#",I$2) -> Argentina#AEZ18#pfb | J31: =_xlfn.CONCAT($A31,"#",$B31,"#",J$2) -> Argentina#AEZ18#v_f | K31: =_xlfn.CONCAT($A31,"#",$B31,"#",K$2) -> Argentina#AEZ18#wht | M31: =IFERROR(_xlfn.IFNA(VLOOKUP(C31,Additional_LU_and_deforestation!$D:$E,2,FALSE)/VLOOKUP(C31,Land_Cover_MIN_MAX!$A:$C,2,FALSE),0),0) -> 0 | N31: =IFERROR(_xlfn.IFNA(VLOOKUP(D31,Additional_LU_and_deforestation!$D:$E,2,FALSE)/VLOOKUP(D31,Land_Cover_MIN_MAX!$A:$C,2,FALSE),0),0) -> 0 | O31: =IFERROR(_xlfn.IFNA(VLOOKUP(E31,Additional_LU_and_deforestation!$D:$E,2,FALSE)/VLOOKUP(E31,Land_Cover_MIN_MAX!$A:$C,2,FALSE),0),0) -> 0 | P31: =IFERROR(_xlfn.IFNA(VLOOKUP(F31,Additional_LU_and_deforestation!$D:$E,2,FALSE)/VLOOKUP(F31,Land_Cover_MIN_MAX!$A:$C,2,FALSE),0),0) -> 0 | Q31: =IFERROR(_xlfn.IFNA(VLOOKUP(G31,Additional_LU_and_deforestation!$D:$E,2,FALSE)/VLOOKUP(G31,Land_Cover_MIN_MAX!$A:$C,2,FALSE),0),0) -> 0 | R31: =IFERROR(_xlfn.IFNA(VLOOKUP(H31,Additional_LU_and_deforestation!$D:$E,2,FALSE)/VLOOKUP(H31,Land_Cover_MIN_MAX!$A:$C,2,FALSE),0),0) -> 0 | S31: =IFERROR(_xlfn.IFNA(VLOOKUP(I31,Additional_LU_and_deforestation!$D:$E,2,FALSE)/VLOOKUP(I31,Land_Cover_MIN_MAX!$A:$C,2,FALSE),0),0) -> 0 | T31: =IFERROR(_xlfn.IFNA(VLOOKUP(J31,Additional_LU_and_deforestation!$D:$E,2,FALSE)/VLOOKUP(J31,Land_Cover_MIN_MAX!$A:$C,2,FALSE),0),0) -> 0 | U31: =IFERROR(_xlfn.IFNA(VLOOKUP(K31,Additional_LU_and_deforestation!$D:$E,2,FALSE)/VLOOKUP(K31,Land_Cover_MIN_MAX!$A:$C,2,FALSE),0),0) -> 0 | W31: =VLOOKUP(C31,GTAP_area!$A:$F,6,FALSE) -> 0 | X31: =VLOOKUP(D31,GTAP_area!$A:$F,6,FALSE) -> 0 | Y31: =VLOOKUP(E31,GTAP_area!$A:$F,6,FALSE) -> 0 | Z31: =VLOOKUP(F31,GTAP_area!$A:$F,6,FALSE) -> 0 | AA31: =VLOOKUP(G31,GTAP_area!$A:$F,6,FALSE) -> 0 | AB31: =VLOOKUP(H31,GTAP_area!$A:$F,6,FALSE) -> 0 | AC31: =VLOOKUP(I31,GTAP_area!$A:$F,6,FALSE) -> 0 | AD31: =VLOOKUP(J31,GTAP_area!$A:$F,6,FALSE) -> 0 | AE31: =VLOOKUP(K31,GTAP_area!$A:$F,6,FALSE) -> 0 | AG31: =M31*W31 -> 0 | AH31: =N31*X31 -> 0 | AI31: =O31*Y31 -> 0 | AJ31: =P31*Z31 -> 0 | AK31: =Q31*AA31 -> 0 | AL31: =R31*AB31 -> 0 | AM31: =S31*AC31 -> 0 | AN31: =T31*AD31 -> 0 | AO31: =U31*AE31 -> 0 | AQ31: =IFERROR(GETPIVOTDATA("Coef. GTAP",Sheet3!$A$3,"Country",$A31,"AEZ",$B31,"Name",AQ$2),0) -> 0 | AR31: =IFERROR(GETPIVOTDATA("Coef. GTAP",Sheet3!$A$3,"Country",$A31,"AEZ",$B31,"Name",AR$2),0) -> 0 | AS31: =IFERROR(GETPIVOTDATA("Coef. GTAP",Sheet3!$A$3,"Country",$A31,"AEZ",$B31,"Name",AS$2),0) -> 0 | AT31: =IFERROR(GETPIVOTDATA("Coef. GTAP",Sheet3!$A$3,"Country",$A31,"AEZ",$B31,"Name",AT$2),0) -> 0 | AU31: =IFERROR(GETPIVOTDATA("Coef. GTAP",Sheet3!$A$3,"Country",$A31,"AEZ",$B31,"Name",AU$2),0) -> 0 | AV31: =IFERROR(GETPIVOTDATA("Coef. GTAP",Sheet3!$A$3,"Country",$A31,"AEZ",$B31,"Name",AV$2),0) -> 0 | AW31: =IFERROR(GETPIVOTDATA("Coef. GTAP",Sheet3!$A$3,"Country",$A31,"AEZ",$B31,"Name",AW$2),0) -> 0 | AX31: =IFERROR(GETPIVOTDATA("Coef. GTAP",Sheet3!$A$3,"Country",$A31,"AEZ",$B31,"Name",AX$2),0) -> 0 | AY31: =IFERROR(GETPIVOTDATA("Coef. GTAP",Sheet3!$A$3,"Country",$A31,"AEZ",$B31,"Name",AY$2),0) -> 0 | BA31: =AG31*AQ31 -> 0 | BB31: =AH31*AR31 -> 0 | BC31: =AI31*AS31 -> 0 | BD31: =AJ31*AT31 -> 0 | BE31: =AK31*AU31 -> 0 | BF31: =AL31*AV31 -> 0 | BG31: =AM31*AW31 -> 0 | BH31: =AN31*AX31 -> 0 | BI31: =AO31*AY31 -> 0 | BK31: =BK30 -> Argentina | BL31: AEZ18 | BM31: =IFERROR(BA31/W31*100,0) -> 0 | BN31: =IFERROR(BB31/X31*100,0) -> 0 | BO31: =IFERROR(BC31/Y31*100,0) -> 0 | BP31: =IFERROR(BD31/Z31*100,0) -> 0 | BQ31: =IFERROR(BE31/AA31*100,0) -> 0 | BR31: =IFERROR(BF31/AB31*100,0) -> 0 | BS31: =IFERROR(BG31/AC31*100,0) -> 0 | BT31: =IFERROR(BH31/AD31*100,0) -> 0 | BU31: =IFERROR(BI31/AE31*100,0) -> 0 | BV31: =(SUM(BA31:BI31)/SUM(W31:AE31))*100 -> #DIV/0! | BW31: =IF(BA31>0,1,0) -> 0 | BX31: =IF(BB31>0,1,0) -> 0 | BY31: =IF(BC31>0,1,0) -> 0 | BZ31: =IF(BD31>0,1,0) -> 0 | CA31: =IF(BE31>0,1,0) -> 0 | CB31: =IF(BF31>0,1,0) -> 0 | CC31: =IF(BG31>0,1,0) -> 0 | CD31: =IF(BH31>0,1,0) -> 0 | CE31: =IF(BI31>0,1,0) -> 0 | CG31: =BW31*W31 -> 0 | CH31: =BX31*X31 -> 0 | CI31: =BY31*Y31 -> 0 | CJ31: =BZ31*Z31 -> 0 | CK31: =CA31*AA31 -> 0 | CL31: =CB31*AB31 -> 0 | CM31: =CC31*AC31 -> 0 | CN31: =CD31*AD31 -> 0 | CO31: =CE31*AE31 -> 0
A32: =A31 -> Argentina | B32: AEZ2 | C32: =_xlfn.CONCAT($A32,"#",$B32,"#",C$2) -> Argentina#AEZ2#c_b | D32: =_xlfn.CONCAT($A32,"#",$B32,"#",D$2) -> Argentina#AEZ2#ctl | E32: =_xlfn.CONCAT($A32,"#",$B32,"#",E$2) -> Argentina#AEZ2#gro | F32: =_xlfn.CONCAT($A32,"#",$B32,"#",F$2) -> Argentina#AEZ2#ocr | G32: =_xlfn.CONCAT($A32,"#",$B32,"#",G$2) -> Argentina#AEZ2#osd | H32: =_xlfn.CONCAT($A32,"#",$B32,"#",H$2) -> Argentina#AEZ2#pdr | I32: =_xlfn.CONCAT($A32,"#",$B32,"#",I$2) -> Argentina#AEZ2#pfb | J32: =_xlfn.CONCAT($A32,"#",$B32,"#",J$2) -> Argentina#AEZ2#v_f | K32: =_xlfn.CONCAT($A32,"#",$B32,"#",K$2) -> Argentina#AEZ2#wht | M32: =IFERROR(_xlfn.IFNA(VLOOKUP(C32,Additional_LU_and_deforestation!$D:$E,2,FALSE)/VLOOKUP(C32,Land_Cover_MIN_MAX!$A:$C,2,FALSE),0),0) -> 0 | N32: =IFERROR(_xlfn.IFNA(VLOOKUP(D32,Additional_LU_and_deforestation!$D:$E,2,FALSE)/VLOOKUP(D32,Land_Cover_MIN_MAX!$A:$C,2,FALSE),0),0) -> 0 | O32: =IFERROR(_xlfn.IFNA(VLOOKUP(E32,Additional_LU_and_deforestation!$D:$E,2,FALSE)/VLOOKUP(E32,Land_Cover_MIN_MAX!$A:$C,2,FALSE),0),0) -> 0 | P32: =IFERROR(_xlfn.IFNA(VLOOKUP(F32,Additional_LU_and_deforestation!$D:$E,2,FALSE)/VLOOKUP(F32,Land_Cover_MIN_MAX!$A:$C,2,FALSE),0),0) -> 0 | Q32: =IFERROR(_xlfn.IFNA(VLOOKUP(G32,Additional_LU_and_deforestation!$D:$E,2,FALSE)/VLOOKUP(G32,Land_Cover_MIN_MAX!$A:$C,2,FALSE),0),0) -> 0 | R32: =IFERROR(_xlfn.IFNA(VLOOKUP(H32,Additional_LU_and_deforestation!$D:$E,2,FALSE)/VLOOKUP(H32,Land_Cover_MIN_MAX!$A:$C,2,FALSE),0),0) -> 0 | S32: =IFERROR(_xlfn.IFNA(VLOOKUP(I32,Additional_LU_and_deforestation!$D:$E,2,FALSE)/VLOOKUP(I32,Land_Cover_MIN_MAX!$A:$C,2,FALSE),0),0) -> 0 | T32: =IFERROR(_xlfn.IFNA(VLOOKUP(J32,Additional_LU_and_deforestation!$D:$E,2,FALSE)/VLOOKUP(J32,Land_Cover_MIN_MAX!$A:$C,2,FALSE),0),0) -> 0 | U32: =IFERROR(_xlfn.IFNA(VLOOKUP(K32,Additional_LU_and_deforestation!$D:$E,2,FALSE)/VLOOKUP(K32,Land_Cover_MIN_MAX!$A:$C,2,FALSE),0),0) -> 0 | W32: =VLOOKUP(C32,GTAP_area!$A:$F,6,FALSE) -> 0 | X32: =VLOOKUP(D32,GTAP_area!$A:$F,6,FALSE) -> 0 | Y32: =VLOOKUP(E32,GTAP_area!$A:$F,6,FALSE) -> 20 | Z32: =VLOOKUP(F32,GTAP_area!$A:$F,6,FALSE) -> 0 | AA32: =VLOOKUP(G32,GTAP_area!$A:$F,6,FALSE) -> 10 | AB32: =VLOOKUP(H32,GTAP_area!$A:$F,6,FALSE) -> 0 | AC32: =VLOOKUP(I32,GTAP_area!$A:$F,6,FALSE) -> 0 | AD32: =VLOOKUP(J32,GTAP_area!$A:$F,6,FALSE) -> 30 | AE32: =VLOOKUP(K32,GTAP_area!$A:$F,6,FALSE) -> 0 | AG32: =M32*W32 -> 0 | AH32: =N32*X32 -> 0 | AI32: =O32*Y32 -> 0 | AJ32: =P32*Z32 -> 0 | AK32: =Q32*AA32 -> 0 | AL32: =R32*AB32 -> 0 | AM32: =S32*AC32 -> 0 | AN32: =T32*AD32 -> 0 | AO32: =U32*AE32 -> 0 | AQ32: =IFERROR(GETPIVOTDATA("Coef. GTAP",Sheet3!$A$3,"Country",$A32,"AEZ",$B32,"Name",AQ$2),0) -> 0 | AR32: =IFERROR(GETPIVOTDATA("Coef. GTAP",Sheet3!$A$3,"Country",$A32,"AEZ",$B32,"Name",AR$2),0) -> 0 | AS32: =IFERROR(GETPIVOTDATA("Coef. GTAP",Sheet3!$A$3,"Country",$A32,"AEZ",$B32,"Name",AS$2),0) -> 0 | AT32: =IFERROR(GETPIVOTDATA("Coef. GTAP",Sheet3!$A$3,"Country",$A32,"AEZ",$B32,"Name",AT$2),0) -> 0 | AU32: =IFERROR(GETPIVOTDATA("Coef. GTAP",Sheet3!$A$3,"Country",$A32,"AEZ",$B32,"Name",AU$2),0) -> 0 | AV32: =IFERROR(GETPIVOTDATA("Coef. GTAP",Sheet3!$A$3,"Country",$A32,"AEZ",$B32,"Name",AV$2),0) -> 0 | AW32: =IFERROR(GETPIVOTDATA("Coef. GTAP",Sheet3!$A$3,"Country",$A32,"AEZ",$B32,"Name",AW$2),0) -> 0 | AX32: =IFERROR(GETPIVOTDATA("Coef. GTAP",Sheet3!$A$3,"Country",$A32,"AEZ",$B32,"Name",AX$2),0) -> 0 | AY32: =IFERROR(GETPIVOTDATA("Coef. GTAP",Sheet3!$A$3,"Country",$A32,"AEZ",$B32,"Name",AY$2),0) -> 0 | BA32: =AG32*AQ32 -> 0 | BB32: =AH32*AR32 -> 0 | BC32: =AI32*AS32 -> 0 | BD32: =AJ32*AT32 -> 0 | BE32: =AK32*AU32 -> 0 | BF32: =AL32*AV32 -> 0 | BG32: =AM32*AW32 -> 0 | BH32: =AN32*AX32 -> 0 | BI32: =AO32*AY32 -> 0 | BK32: =BK31 -> Argentina | BL32: AEZ2 | BM32: =IFERROR(BA32/W32*100,0) -> 0 | BN32: =IFERROR(BB32/X32*100,0) -> 0 | BO32: =IFERROR(BC32/Y32*100,0) -> 0 | BP32: =IFERROR(BD32/Z32*100,0) -> 0 | BQ32: =IFERROR(BE32/AA32*100,0) -> 0 | BR32: =IFERROR(BF32/AB32*100,0) -> 0 | BS32: =IFERROR(BG32/AC32*100,0) -> 0 | BT32: =IFERROR(BH32/AD32*100,0) -> 0 | BU32: =IFERROR(BI32/AE32*100,0) -> 0 | BV32: =(SUM(BA32:BI32)/SUM(W32:AE32))*100 -> 0 | BW32: =IF(BA32>0,1,0) -> 0 | BX32: =IF(BB32>0,1,0) -> 0 | BY32: =IF(BC32>0,1,0) -> 0 | BZ32: =IF(BD32>0,1,0) -> 0 | CA32: =IF(BE32>0,1,0) -> 0 | CB32: =IF(BF32>0,1,0) -> 0 | CC32: =IF(BG32>0,1,0) -> 0 | CD32: =IF(BH32>0,1,0) -> 0 | CE32: =IF(BI32>0,1,0) -> 0 | CG32: =BW32*W32 -> 0 | CH32: =BX32*X32 -> 0 | CI32: =BY32*Y32 -> 0 | CJ32: =BZ32*Z32 -> 0 | CK32: =CA32*AA32 -> 0 | CL32: =CB32*AB32 -> 0 | CM32: =CC32*AC32 -> 0 | CN32: =CD32*AD32 -> 0 | CO32: =CE32*AE32 -> 0
A33: =A32 -> Argentina | B33: AEZ3 | C33: =_xlfn.CONCAT($A33,"#",$B33,"#",C$2) -> Argentina#AEZ3#c_b | D33: =_xlfn.CONCAT($A33,"#",$B33,"#",D$2) -> Argentina#AEZ3#ctl | E33: =_xlfn.CONCAT($A33,"#",$B33,"#",E$2) -> Argentina#AEZ3#gro | F33: =_xlfn.CONCAT($A33,"#",$B33,"#",F$2) -> Argentina#AEZ3#ocr | G33: =_xlfn.CONCAT($A33,"#",$B33,"#",G$2) -> Argentina#AEZ3#osd | H33: =_xlfn.CONCAT($A33,"#",$B33,"#",H$2) -> Argentina#AEZ3#pdr | I33: =_xlfn.CONCAT($A33,"#",$B33,"#",I$2) -> Argentina#AEZ3#pfb | J33: =_xlfn.CONCAT($A33,"#",$B33,"#",J$2) -> Argentina#AEZ3#v_f | K33: =_xlfn.CONCAT($A33,"#",$B33,"#",K$2) -> Argentina#AEZ3#wht | M33: =IFERROR(_xlfn.IFNA(VLOOKUP(C33,Additional_LU_and_deforestation!$D:$E,2,FALSE)/VLOOKUP(C33,Land_Cover_MIN_MAX!$A:$C,2,FALSE),0),0) -> 0 | N33: =IFERROR(_xlfn.IFNA(VLOOKUP(D33,Additional_LU_and_deforestation!$D:$E,2,FALSE)/VLOOKUP(D33,Land_Cover_MIN_MAX!$A:$C,2,FALSE),0),0) -> 0 | O33: =IFERROR(_xlfn.IFNA(VLOOKUP(E33,Additional_LU_and_deforestation!$D:$E,2,FALSE)/VLOOKUP(E33,Land_Cover_MIN_MAX!$A:$C,2,FALSE),0),0) -> 0 | P33: =IFERROR(_xlfn.IFNA(VLOOKUP(F33,Additional_LU_and_deforestation!$D:$E,2,FALSE)/VLOOKUP(F33,Land_Cover_MIN_MAX!$A:$C,2,FALSE),0),0) -> 0 | Q33: =IFERROR(_xlfn.IFNA(VLOOKUP(G33,Additional_LU_and_deforestation!$D:$E,2,FALSE)/VLOOKUP(G33,Land_Cover_MIN_MAX!$A:$C,2,FALSE),0),0) -> 0 | R33: =IFERROR(_xlfn.IFNA(VLOOKUP(H33,Additional_LU_and_deforestation!$D:$E,2,FALSE)/VLOOKUP(H33,Land_Cover_MIN_MAX!$A:$C,2,FALSE),0),0) -> 0 | S33: 1 | T33: =IFERROR(_xlfn.IFNA(VLOOKUP(J33,Additional_LU_and_deforestation!$D:$E,2,FALSE)/VLOOKUP(J33,Land_Cover_MIN_MAX!$A:$C,2,FALSE),0),0) -> 0 | U33: 1 | W33: =VLOOKUP(C33,GTAP_area!$A:$F,6,FALSE) -> 0 | X33: =VLOOKUP(D33,GTAP_area!$A:$F,6,FALSE) -> 40920 | Y33: =VLOOKUP(E33,GTAP_area!$A:$F,6,FALSE) -> 0 | Z33: =VLOOKUP(F33,GTAP_area!$A:$F,6,FALSE) -> 0 | AA33: =VLOOKUP(G33,GTAP_area!$A:$F,6,FALSE) -> 0 | AB33: =VLOOKUP(H33,GTAP_area!$A:$F,6,FALSE) -> 0 | AC33: =VLOOKUP(I33,GTAP_area!$A:$F,6,FALSE) -> 0 | AD33: =VLOOKUP(J33,GTAP_area!$A:$F,6,FALSE) -> 30 | AE33: =VLOOKUP(K33,GTAP_area!$A:$F,6,FALSE) -> 0 | AG33: =M33*W33 -> 0 | AH33: =N33*X33 -> 0 | AI33: =O33*Y33 -> 0 | AJ33: =P33*Z33 -> 0 | AK33: =Q33*AA33 -> 0 | AL33: =R33*AB33 -> 0 | AM33: =S33*AC33 -> 0 | AN33: =T33*AD33 -> 0 | AO33: =U33*AE33 -> 0 | AQ33: =IFERROR(GETPIVOTDATA("Coef. GTAP",Sheet3!$A$3,"Country",$A33,"AEZ",$B33,"Name",AQ$2),0) -> 0 | AR33: =IFERROR(GETPIVOTDATA("Coef. GTAP",Sheet3!$A$3,"Country",$A33,"AEZ",$B33,"Name",AR$2),0) -> 0 | AS33: =IFERROR(GETPIVOTDATA("Coef. GTAP",Sheet3!$A$3,"Country",$A33,"AEZ",$B33,"Name",AS$2),0) -> 0 | AT33: =IFERROR(GETPIVOTDATA("Coef. GTAP",Sheet3!$A$3,"Country",$A33,"AEZ",$B33,"Name",AT$2),0) -> 0 | AU33: =IFERROR(GETPIVOTDATA("Coef. GTAP",Sheet3!$A$3,"Country",$A33,"AEZ",$B33,"Name",AU$2),0) -> 0 | AV33: =IFERROR(GETPIVOTDATA("Coef. GTAP",Sheet3!$A$3,"Country",$A33,"AEZ",$B33,"Name",AV$2),0) -> 0 | AW33: =IFERROR(GETPIVOTDATA("Coef. GTAP",Sheet3!$A$3,"Country",$A33,"AEZ",$B33,"Name",AW$2),0) -> 0 | AX33: =IFERROR(GETPIVOTDATA("Coef. GTAP",Sheet3!$A$3,"Country",$A33,"AEZ",$B33,"Name",AX$2),0) -> 0 | AY33: =IFERROR(GETPIVOTDATA("Coef. GTAP",Sheet3!$A$3,"Country",$A33,"AEZ",$B33,"Name",AY$2),0) -> 0 | BA33: =AG33*AQ33 -> 0 | BB33: =AH33*AR33 -> 0 | BC33: =AI33*AS33 -> 0 | BD33: =AJ33*AT33 -> 0 | BE33: =AK33*AU33 -> 0 | BF33: =AL33*AV33 -> 0 | BG33: =AM33*AW33 -> 0 | BH33: =AN33*AX33 -> 0 | BI33: =AO33*AY33 -> 0 | BK33: =BK32 -> Argentina | BL33: AEZ3 | BM33: =IFERROR(BA33/W33*100,0) -> 0 | BN33: =IFERROR(BB33/X33*100,0) -> 0 | BO33: =IFERROR(BC33/Y33*100,0) -> 0 | BP33: =IFERROR(BD33/Z33*100,0) -> 0 | BQ33: =IFERROR(BE33/AA33*100,0) -> 0 | BR33: =IFERROR(BF33/AB33*100,0) -> 0 | BS33: =IFERROR(BG33/AC33*100,0) -> 0 | BT33: =IFERROR(BH33/AD33*100,0) -> 0 | BU33: =IFERROR(BI33/AE33*100,0) -> 0 | BV33: =(SUM(BA33:BI33)/SUM(W33:AE33))*100 -> 0 | BW33: =IF(BA33>0,1,0) -> 0 | BX33: =IF(BB33>0,1,0) -> 0 | BY33: =IF(BC33>0,1,0) -> 0 | BZ33: =IF(BD33>0,1,0) -> 0 | CA33: =IF(BE33>0,1,0) -> 0 | CB33: =IF(BF33>0,1,0) -> 0 | CC33: =IF(BG33>0,1,0) -> 0 | CD33: =IF(BH33>0,1,0) -> 0 | CE33: =IF(BI33>0,1,0) -> 0 | CG33: =BW33*W33 -> 0 | CH33: =BX33*X33 -> 0 | CI33: =BY33*Y33 -> 0 | CJ33: =BZ33*Z33 -> 0 | CK33: =CA33*AA33 -> 0 | CL33: =CB33*AB33 -> 0 | CM33: =CC33*AC33 -> 0 | CN33: =CD33*AD33 -> 0 | CO33: =CE33*AE33 -> 0
A34: =A33 -> Argentina | B34: AEZ4 | C34: =_xlfn.CONCAT($A34,"#",$B34,"#",C$2) -> Argentina#AEZ4#c_b | D34: =_xlfn.CONCAT($A34,"#",$B34,"#",D$2) -> Argentina#AEZ4#ctl | E34: =_xlfn.CONCAT($A34,"#",$B34,"#",E$2) -> Argentina#AEZ4#gro | F34: =_xlfn.CONCAT($A34,"#",$B34,"#",F$2) -> Argentina#AEZ4#ocr | G34: =_xlfn.CONCAT($A34,"#",$B34,"#",G$2) -> Argentina#AEZ4#osd | H34: =_xlfn.CONCAT($A34,"#",$B34,"#",H$2) -> Argentina#AEZ4#pdr | I34: =_xlfn.CONCAT($A34,"#",$B34,"#",I$2) -> Argentina#AEZ4#pfb | J34: =_xlfn.CONCAT($A34,"#",$B34,"#",J$2) -> Argentina#AEZ4#v_f | K34: =_xlfn.CONCAT($A34,"#",$B34,"#",K$2) -> Argentina#AEZ4#wht | M34: =IFERROR(_xlfn.IFNA(VLOOKUP(C34,Additional_LU_and_deforestation!$D:$E,2,FALSE)/VLOOKUP(C34,Land_Cover_MIN_MAX!$A:$C,2,FALSE),0),0) -> 0.40283675 | N34: =IFERROR(_xlfn.IFNA(VLOOKUP(D34,Additional_LU_and_deforestation!$D:$E,2,FALSE)/VLOOKUP(D34,Land_Cover_MIN_MAX!$A:$C,2,FALSE),0),0) -> 0 | O34: =IFERROR(_xlfn.IFNA(VLOOKUP(E34,Additional_LU_and_deforestation!$D:$E,2,FALSE)/VLOOKUP(E34,Land_Cover_MIN_MAX!$A:$C,2,FALSE),0),0) -> 1.2416779 | P34: =IFERROR(_xlfn.IFNA(VLOOKUP(F34,Additional_LU_and_deforestation!$D:$E,2,FALSE)/VLOOKUP(F34,Land_Cover_MIN_MAX!$A:$C,2,FALSE),0),0) -> 0.14238397 | Q34: =IFERROR(_xlfn.IFNA(VLOOKUP(G34,Additional_LU_and_deforestation!$D:$E,2,FALSE)/VLOOKUP(G34,Land_Cover_MIN_MAX!$A:$C,2,FALSE),0),0) -> 0.1995885 | R34: =IFERROR(_xlfn.IFNA(VLOOKUP(H34,Additional_LU_and_deforestation!$D:$E,2,FALSE)/VLOOKUP(H34,Land_Cover_MIN_MAX!$A:$C,2,FALSE),0),0) -> 0 | S34: 1 | T34: =IFERROR(_xlfn.IFNA(VLOOKUP(J34,Additional_LU_and_deforestation!$D:$E,2,FALSE)/VLOOKUP(J34,Land_Cover_MIN_MAX!$A:$C,2,FALSE),0),0) -> 0.6706652 | U34: 1 | W34: =VLOOKUP(C34,GTAP_area!$A:$F,6,FALSE) -> 2260 | X34: =VLOOKUP(D34,GTAP_area!$A:$F,6,FALSE) -> 194730 | Y34: =VLOOKUP(E34,GTAP_area!$A:$F,6,FALSE) -> 8930 | Z34: =VLOOKUP(F34,GTAP_area!$A:$F,6,FALSE) -> 520 | AA34: =VLOOKUP(G34,GTAP_area!$A:$F,6,FALSE) -> 33770 | AB34: =VLOOKUP(H34,GTAP_area!$A:$F,6,FALSE) -> 0 | AC34: =VLOOKUP(I34,GTAP_area!$A:$F,6,FALSE) -> 310 | AD34: =VLOOKUP(J34,GTAP_area!$A:$F,6,FALSE) -> 33640 | AE34: =VLOOKUP(K34,GTAP_area!$A:$F,6,FALSE) -> 5040 | AG34: =M34*W34 -> 910.41106 | AH34: =N34*X34 -> 0 | AI34: =O34*Y34 -> 11088.184 | AJ34: =P34*Z34 -> 74.039663 | AK34: =Q34*AA34 -> 6740.1036 | AL34: =R34*AB34 -> 0 | AM34: =S34*AC34 -> 310 | AN34: =T34*AD34 -> 22561.177 | AO34: =U34*AE34 -> 5040 | AQ34: =IFERROR(GETPIVOTDATA("Coef. GTAP",Sheet3!$A$3,"Country",$A34,"AEZ",$B34,"Name",AQ$2),0) -> 0.59582047 | AR34: =IFERROR(GETPIVOTDATA("Coef. GTAP",Sheet3!$A$3,"Country",$A34,"AEZ",$B34,"Name",AR$2),0) -> 0 | AS34: =IFERROR(GETPIVOTDATA("Coef. GTAP",Sheet3!$A$3,"Country",$A34,"AEZ",$B34,"Name",AS$2),0) -> 0.56875111 | AT34: =IFERROR(GETPIVOTDATA("Coef. GTAP",Sheet3!$A$3,"Country",$A34,"AEZ",$B34,"Name",AT$2),0) -> 0.71377662 | AU34: =IFERROR(GETPIVOTDATA("Coef. GTAP",Sheet3!$A$3,"Country",$A34,"AEZ",$B34,"Name",AU$2),0) -> 0.55082453 | AV34: =IFERROR(GETPIVOTDATA("Coef. GTAP",Sheet3!$A$3,"Country",$A34,"AEZ",$B34,"Name",AV$2),0) -> 0 | AW34: =IFERROR(GETPIVOTDATA("Coef. GTAP",Sheet3!$A$3,"Country",$A34,"AEZ",$B34,"Name",AW$2),0) -> 0.70103175 | AX34: =IFERROR(GETPIVOTDATA("Coef. GTAP",Sheet3!$A$3,"Country",$A34,"AEZ",$B34,"Name",AX$2),0) -> 0.17546635 | AY34: =IFERROR(GETPIVOTDATA("Coef. GTAP",Sheet3!$A$3,"Country",$A34,"AEZ",$B34,"Name",AY$2),0) -> 0.30576719 | BA34: =AG34*AQ34 -> 542.44154 | BB34: =AH34*AR34 -> 0 | BC34: =AI34*AS34 -> 6306.4169 | BD34: =AJ34*AT34 -> 52.84778 | BE34: =AK34*AU34 -> 3712.6144 | BF34: =AL34*AV34 -> 0 | BG34: =AM34*AW34 -> 217.31984 | BH34: =AN34*AX34 -> 3958.7274 | BI34: =AO34*AY34 -> 1541.0667 | BK34: =BK33 -> Argentina | BL34: AEZ4 | BM34: =IFERROR(BA34/W34*100,0) -> 24.001838 | BN34: =IFERROR(BB34/X34*100,0) -> 0 | BO34: =IFERROR(BC34/Y34*100,0) -> 70.62057 | BP34: =IFERROR(BD34/Z34*100,0) -> 10.163035 | BQ34: =IFERROR(BE34/AA34*100,0) -> 10.993824 | BR34: =IFERROR(BF34/AB34*100,0) -> 0 | BS34: =IFERROR(BG34/AC34*100,0) -> 70.103175 | BT34: =IFERROR(BH34/AD34*100,0) -> 11.767917 | BU34: =IFERROR(BI34/AE34*100,0) -> 30.576719 | BV34: =(SUM(BA34:BI34)/SUM(W34:AE34))*100 -> 5.8493677 | BW34: =IF(BA34>0,1,0) -> 1 | BX34: =IF(BB34>0,1,0) -> 0 | BY34: =IF(BC34>0,1,0) -> 1 | BZ34: =IF(BD34>0,1,0) -> 1 | CA34: =IF(BE34>0,1,0) -> 1 | CB34: =IF(BF34>0,1,0) -> 0 | CC34: =IF(BG34>0,1,0) -> 1 | CD34: =IF(BH34>0,1,0) -> 1 | CE34: =IF(BI34>0,1,0) -> 1 | CG34: =BW34*W34 -> 2260 | CH34: =BX34*X34 -> 0 | CI34: =BY34*Y34 -> 8930 | CJ34: =BZ34*Z34 -> 520 | CK34: =CA34*AA34 -> 33770 | CL34: =CB34*AB34 -> 0 | CM34: =CC34*AC34 -> 310 | CN34: =CD34*AD34 -> 33640 | CO34: =CE34*AE34 -> 5040
A35: =A34 -> Argentina | B35: AEZ5 | C35: =_xlfn.CONCAT($A35,"#",$B35,"#",C$2) -> Argentina#AEZ5#c_b | D35: =_xlfn.CONCAT($A35,"#",$B35,"#",D$2) -> Argentina#AEZ5#ctl | E35: =_xlfn.CONCAT($A35,"#",$B35,"#",E$2) -> Argentina#AEZ5#gro | F35: =_xlfn.CONCAT($A35,"#",$B35,"#",F$2) -> Argentina#AEZ5#ocr | G35: =_xlfn.CONCAT($A35,"#",$B35,"#",G$2) -> Argentina#AEZ5#osd | H35: =_xlfn.CONCAT($A35,"#",$B35,"#",H$2) -> Argentina#AEZ5#pdr | I35: =_xlfn.CONCAT($A35,"#",$B35,"#",I$2) -> Argentina#AEZ5#pfb | J35: =_xlfn.CONCAT($A35,"#",$B35,"#",J$2) -> Argentina#AEZ5#v_f | K35: =_xlfn.CONCAT($A35,"#",$B35,"#",K$2) -> Argentina#AEZ5#wht | M35: =IFERROR(_xlfn.IFNA(VLOOKUP(C35,Additional_LU_and_deforestation!$D:$E,2,FALSE)/VLOOKUP(C35,Land_Cover_MIN_MAX!$A:$C,2,FALSE),0),0) -> 0.40283675 | N35: =IFERROR(_xlfn.IFNA(VLOOKUP(D35,Additional_LU_and_deforestation!$D:$E,2,FALSE)/VLOOKUP(D35,Land_Cover_MIN_MAX!$A:$C,2,FALSE),0),0) -> 0.4 | O35: =IFERROR(_xlfn.IFNA(VLOOKUP(E35,Additional_LU_and_deforestation!$D:$E,2,FALSE)/VLOOKUP(E35,Land_Cover_MIN_MAX!$A:$C,2,FALSE),0),0) -> 1.2416779 | P35: =IFERROR(_xlfn.IFNA(VLOOKUP(F35,Additional_LU_and_deforestation!$D:$E,2,FALSE)/VLOOKUP(F35,Land_Cover_MIN_MAX!$A:$C,2,FALSE),0),0) -> 0.14238397 | Q35: =IFERROR(_xlfn.IFNA(VLOOKUP(G35,Additional_LU_and_deforestation!$D:$E,2,FALSE)/VLOOKUP(G35,Land_Cover_MIN_MAX!$A:$C,2,FALSE),0),0) -> 0.1995885 | R35: =IFERROR(_xlfn.IFNA(VLOOKUP(H35,Additional_LU_and_deforestation!$D:$E,2,FALSE)/VLOOKUP(H35,Land_Cover_MIN_MAX!$A:$C,2,FALSE),0),0) -> 0.35643639 | S35: 1 | T35: =IFERROR(_xlfn.IFNA(VLOOKUP(J35,Additional_LU_and_deforestation!$D:$E,2,FALSE)/VLOOKUP(J35,Land_Cover_MIN_MAX!$A:$C,2,FALSE),0),0) -> 0.6706652 | U35: 1 | W35: =VLOOKUP(C35,GTAP_area!$A:$F,6,FALSE) -> 15350 | X35: =VLOOKUP(D35,GTAP_area!$A:$F,6,FALSE) -> 320650 | Y35: =VLOOKUP(E35,GTAP_area!$A:$F,6,FALSE) -> 29850 | Z35: =VLOOKUP(F35,GTAP_area!$A:$F,6,FALSE) -> 4850 | AA35: =VLOOKUP(G35,GTAP_area!$A:$F,6,FALSE) -> 82020 | AB35: =VLOOKUP(H35,GTAP_area!$A:$F,6,FALSE) -> 10 | AC35: =VLOOKUP(I35,GTAP_area!$A:$F,6,FALSE) -> 2240 | AD35: =VLOOKUP(J35,GTAP_area!$A:$F,6,FALSE) -> 144420 | AE35: =VLOOKUP(K35,GTAP_area!$A:$F,6,FALSE) -> 12940 | AG35: =M35*W35 -> 6183.5441 | AH35: =N35*X35 -> 128260 | AI35: =O35*Y35 -> 37064.086 | AJ35: =P35*Z35 -> 690.56224 | AK35: =Q35*AA35 -> 16370.249 | AL35: =R35*AB35 -> 3.5643639 | AM35: =S35*AC35 -> 2240 | AN35: =T35*AD35 -> 96857.468 | AO35: =U35*AE35 -> 12940 | AQ35: =IFERROR(GETPIVOTDATA("Coef. GTAP",Sheet3!$A$3,"Country",$A35,"AEZ",$B35,"Name",AQ$2),0) -> 0.0095566583 | AR35: =IFERROR(GETPIVOTDATA("Coef. GTAP",Sheet3!$A$3,"Country",$A35,"AEZ",$B35,"Name",AR$2),0) -> 1 | AS35: =IFERROR(GETPIVOTDATA("Coef. GTAP",Sheet3!$A$3,"Country",$A35,"AEZ",$B35,"Name",AS$2),0) -> 0.0085524232 | AT35: =IFERROR(GETPIVOTDATA("Coef. GTAP",Sheet3!$A$3,"Country",$A35,"AEZ",$B35,"Name",AT$2),0) -> 0.010904969 | AU35: =IFERROR(GETPIVOTDATA("Coef. GTAP",Sheet3!$A$3,"Country",$A35,"AEZ",$B35,"Name",AU$2),0) -> 0.0085979921 | AV35: =IFERROR(GETPIVOTDATA("Coef. GTAP",Sheet3!$A$3,"Country",$A35,"AEZ",$B35,"Name",AV$2),0) -> 0.016101235 | AW35: =IFERROR(GETPIVOTDATA("Coef. GTAP",Sheet3!$A$3,"Country",$A35,"AEZ",$B35,"Name",AW$2),0) -> 0.011115089 | AX35: =IFERROR(GETPIVOTDATA("Coef. GTAP",Sheet3!$A$3,"Country",$A35,"AEZ",$B35,"Name",AX$2),0) -> 0.002476916 | AY35: =IFERROR(GETPIVOTDATA("Coef. GTAP",Sheet3!$A$3,"Country",$A35,"AEZ",$B35,"Name",AY$2),0) -> 0.0041901518 | BA35: =AG35*AQ35 -> 59.094018 | BB35: =AH35*AR35 -> 128260 | BC35: =AI35*AS35 -> 316.98775 | BD35: =AJ35*AT35 -> 7.53056 | BE35: =AK35*AU35 -> 140.75127 | BF35: =AL35*AV35 -> 0.05739066 | BG35: =AM35*AW35 -> 24.897798 | BH35: =AN35*AX35 -> 239.90781 | BI35: =AO35*AY35 -> 54.220565 | BK35: =BK34 -> Argentina | BL35: AEZ5 | BM35: =IFERROR(BA35/W35*100,0) -> 0.38497732 | BN35: =IFERROR(BB35/X35*100,0) -> 40 | BO35: =IFERROR(BC35/Y35*100,0) -> 1.0619355 | BP35: =IFERROR(BD35/Z35*100,0) -> 0.15526928 | BQ35: =IFERROR(BE35/AA35*100,0) -> 0.17160603 | BR35: =IFERROR(BF35/AB35*100,0) -> 0.5739066 | BS35: =IFERROR(BG35/AC35*100,0) -> 1.1115089 | BT35: =IFERROR(BH35/AD35*100,0) -> 0.16611814 | BU35: =IFERROR(BI35/AE35*100,0) -> 0.41901518 | BV35: =(SUM(BA35:BI35)/SUM(W35:AE35))*100 -> 21.083966 | BW35: =IF(BA35>0,1,0) -> 1 | BX35: =IF(BB35>0,1,0) -> 1 | BY35: =IF(BC35>0,1,0) -> 1 | BZ35: =IF(BD35>0,1,0) -> 1 | CA35: =IF(BE35>0,1,0) -> 1 | CB35: =IF(BF35>0,1,0) -> 1 | CC35: =IF(BG35>0,1,0) -> 1 | CD35: =IF(BH35>0,1,0) -> 1 | CE35: =IF(BI35>0,1,0) -> 1 | CG35: =BW35*W35 -> 15350 | CH35: =BX35*X35 -> 320650 | CI35: =BY35*Y35 -> 29850 | CJ35: =BZ35*Z35 -> 4850 | CK35: =CA35*AA35 -> 82020 | CL35: =CB35*AB35 -> 10 | CM35: =CC35*AC35 -> 2240 | CN35: =CD35*AD35 -> 144420 | CO35: =CE35*AE35 -> 12940
A36: =A35 -> Argentina | B36: AEZ6 | C36: =_xlfn.CONCAT($A36,"#",$B36,"#",C$2) -> Argentina#AEZ6#c_b | D36: =_xlfn.CONCAT($A36,"#",$B36,"#",D$2) -> Argentina#AEZ6#ctl | E36: =_xlfn.CONCAT($A36,"#",$B36,"#",E$2) -> Argentina#AEZ6#gro | F36: =_xlfn.CONCAT($A36,"#",$B36,"#",F$2) -> Argentina#AEZ6#ocr | G36: =_xlfn.CONCAT($A36,"#",$B36,"#",G$2) -> Argentina#AEZ6#osd | H36: =_xlfn.CONCAT($A36,"#",$B36,"#",H$2) -> Argentina#AEZ6#pdr | I36: =_xlfn.CONCAT($A36,"#",$B36,"#",I$2) -> Argentina#AEZ6#pfb | J36: =_xlfn.CONCAT($A36,"#",$B36,"#",J$2) -> Argentina#AEZ6#v_f | K36: =_xlfn.CONCAT($A36,"#",$B36,"#",K$2) -> Argentina#AEZ6#wht | M36: =IFERROR(_xlfn.IFNA(VLOOKUP(C36,Additional_LU_and_deforestation!$D:$E,2,FALSE)/VLOOKUP(C36,Land_Cover_MIN_MAX!$A:$C,2,FALSE),0),0) -> 0 | N36: =IFERROR(_xlfn.IFNA(VLOOKUP(D36,Additional_LU_and_deforestation!$D:$E,2,FALSE)/VLOOKUP(D36,Land_Cover_MIN_MAX!$A:$C,2,FALSE),0),0) -> 0 | O36: =IFERROR(_xlfn.IFNA(VLOOKUP(E36,Additional_LU_and_deforestation!$D:$E,2,FALSE)/VLOOKUP(E36,Land_Cover_MIN_MAX!$A:$C,2,FALSE),0),0) -> 0 | P36: =IFERROR(_xlfn.IFNA(VLOOKUP(F36,Additional_LU_and_deforestation!$D:$E,2,FALSE)/VLOOKUP(F36,Land_Cover_MIN_MAX!$A:$C,2,FALSE),0),0) -> 0 | Q36: =IFERROR(_xlfn.IFNA(VLOOKUP(G36,Additional_LU_and_deforestation!$D:$E,2,FALSE)/VLOOKUP(G36,Land_Cover_MIN_MAX!$A:$C,2,FALSE),0),0) -> 0 | R36: =IFERROR(_xlfn.IFNA(VLOOKUP(H36,Additional_LU_and_deforestation!$D:$E,2,FALSE)/VLOOKUP(H36,Land_Cover_MIN_MAX!$A:$C,2,FALSE),0),0) -> 0 | S36: 1 | T36: =IFERROR(_xlfn.IFNA(VLOOKUP(J36,Additional_LU_and_deforestation!$D:$E,2,FALSE)/VLOOKUP(J36,Land_Cover_MIN_MAX!$A:$C,2,FALSE),0),0) -> 0 | U36: 1 | W36: =VLOOKUP(C36,GTAP_area!$A:$F,6,FALSE) -> 4770 | X36: =VLOOKUP(D36,GTAP_area!$A:$F,6,FALSE) -> 11490 | Y36: =VLOOKUP(E36,GTAP_area!$A:$F,6,FALSE) -> 22940 | Z36: =VLOOKUP(F36,GTAP_area!$A:$F,6,FALSE) -> 22360 | AA36: =VLOOKUP(G36,GTAP_area!$A:$F,6,FALSE) -> 5600 | AB36: =VLOOKUP(H36,GTAP_area!$A:$F,6,FALSE) -> 80 | AC36: =VLOOKUP(I36,GTAP_area!$A:$F,6,FALSE) -> 3420 | AD36: =VLOOKUP(J36,GTAP_area!$A:$F,6,FALSE) -> 23010 | AE36: =VLOOKUP(K36,GTAP_area!$A:$F,6,FALSE) -> 300 | AG36: =M36*W36 -> 0 | AH36: =N36*X36 -> 0 | AI36: =O36*Y36 -> 0 | AJ36: =P36*Z36 -> 0 | AK36: =Q36*AA36 -> 0 | AL36: =R36*AB36 -> 0 | AM36: =S36*AC36 -> 3420 | AN36: =T36*AD36 -> 0 | AO36: =U36*AE36 -> 300 | AQ36: =IFERROR(GETPIVOTDATA("Coef. GTAP",Sheet3!$A$3,"Country",$A36,"AEZ",$B36,"Name",AQ$2),0) -> 0 | AR36: =IFERROR(GETPIVOTDATA("Coef. GTAP",Sheet3!$A$3,"Country",$A36,"AEZ",$B36,"Name",AR$2),0) -> 0 | AS36: =IFERROR(GETPIVOTDATA("Coef. GTAP",Sheet3!$A$3,"Country",$A36,"AEZ",$B36,"Name",AS$2),0) -> 0 | AT36: =IFERROR(GETPIVOTDATA("Coef. GTAP",Sheet3!$A$3,"Country",$A36,"AEZ",$B36,"Name",AT$2),0) -> 0 | AU36: =IFERROR(GETPIVOTDATA("Coef. GTAP",Sheet3!$A$3,"Country",$A36,"AEZ",$B36,"Name",AU$2),0) -> 0 | AV36: =IFERROR(GETPIVOTDATA("Coef. GTAP",Sheet3!$A$3,"Country",$A36,"AEZ",$B36,"Name",AV$2),0) -> 0 | AW36: =IFERROR(GETPIVOTDATA("Coef. GTAP",Sheet3!$A$3,"Country",$A36,"AEZ",$B36,"Name",AW$2),0) -> 0 | AX36: =IFERROR(GETPIVOTDATA("Coef. GTAP",Sheet3!$A$3,"Country",$A36,"AEZ",$B36,"Name",AX$2),0) -> 0 | AY36: =IFERROR(GETPIVOTDATA("Coef. GTAP",Sheet3!$A$3,"Country",$A36,"AEZ",$B36,"Name",AY$2),0) -> 0 | BA36: =AG36*AQ36 -> 0 | BB36: =AH36*AR36 -> 0 | BC36: =AI36*AS36 -> 0 | BD36: =AJ36*AT36 -> 0 | BE36: =AK36*AU36 -> 0 | BF36: =AL36*AV36 -> 0 | BG36: =AM36*AW36 -> 0 | BH36: =AN36*AX36 -> 0 | BI36: =AO36*AY36 -> 0 | BK36: =BK35 -> Argentina | BL36: AEZ6 | BM36: =IFERROR(BA36/W36*100,0) -> 0 | BN36: =IFERROR(BB36/X36*100,0) -> 0 | BO36: =IFERROR(BC36/Y36*100,0) -> 0 | BP36: =IFERROR(BD36/Z36*100,0) -> 0 | BQ36: =IFERROR(BE36/AA36*100,0) -> 0 | BR36: =IFERROR(BF36/AB36*100,0) -> 0 | BS36: =IFERROR(BG36/AC36*100,0) -> 0 | BT36: =IFERROR(BH36/AD36*100,0) -> 0 | BU36: =IFERROR(BI36/AE36*100,0) -> 0 | BV36: =(SUM(BA36:BI36)/SUM(W36:AE36))*100 -> 0 | BW36: =IF(BA36>0,1,0) -> 0 | BX36: =IF(BB36>0,1,0) -> 0 | BY36: =IF(BC36>0,1,0) -> 0 | BZ36: =IF(BD36>0,1,0) -> 0 | CA36: =IF(BE36>0,1,0) -> 0 | CB36: =IF(BF36>0,1,0) -> 0 | CC36: =IF(BG36>0,1,0) -> 0 | CD36: =IF(BH36>0,1,0) -> 0 | CE36: =IF(BI36>0,1,0) -> 0 | CG36: =BW36*W36 -> 0 | CH36: =BX36*X36 -> 0 | CI36: =BY36*Y36 -> 0 | CJ36: =BZ36*Z36 -> 0 | CK36: =CA36*AA36 -> 0 | CL36: =CB36*AB36 -> 0 | CM36: =CC36*AC36 -> 0 | CN36: =CD36*AD36 -> 0 | CO36: =CE36*AE36 -> 0
A37: =A36 -> Argentina | B37: AEZ7 | C37: =_xlfn.CONCAT($A37,"#",$B37,"#",C$2) -> Argentina#AEZ7#c_b | D37: =_xlfn.CONCAT($A37,"#",$B37,"#",D$2) -> Argentina#AEZ7#ctl | E37: =_xlfn.CONCAT($A37,"#",$B37,"#",E$2) -> Argentina#AEZ7#gro | F37: =_xlfn.CONCAT($A37,"#",$B37,"#",F$2) -> Argentina#AEZ7#ocr | G37: =_xlfn.CONCAT($A37,"#",$B37,"#",G$2) -> Argentina#AEZ7#osd | H37: =_xlfn.CONCAT($A37,"#",$B37,"#",H$2) -> Argentina#AEZ7#pdr | I37: =_xlfn.CONCAT($A37,"#",$B37,"#",I$2) -> Argentina#AEZ7#pfb | J37: =_xlfn.CONCAT($A37,"#",$B37,"#",J$2) -> Argentina#AEZ7#v_f | K37: =_xlfn.CONCAT($A37,"#",$B37,"#",K$2) -> Argentina#AEZ7#wht | M37: =IFERROR(_xlfn.IFNA(VLOOKUP(C37,Additional_LU_and_deforestation!$D:$E,2,FALSE)/VLOOKUP(C37,Land_Cover_MIN_MAX!$A:$C,2,FALSE),0),0) -> 0.40283675 | N37: =IFERROR(_xlfn.IFNA(VLOOKUP(D37,Additional_LU_and_deforestation!$D:$E,2,FALSE)/VLOOKUP(D37,Land_Cover_MIN_MAX!$A:$C,2,FALSE),0),0) -> 0 | O37: =IFERROR(_xlfn.IFNA(VLOOKUP(E37,Additional_LU_and_deforestation!$D:$E,2,FALSE)/VLOOKUP(E37,Land_Cover_MIN_MAX!$A:$C,2,FALSE),0),0) -> 1.2416779 | P37: =IFERROR(_xlfn.IFNA(VLOOKUP(F37,Additional_LU_and_deforestation!$D:$E,2,FALSE)/VLOOKUP(F37,Land_Cover_MIN_MAX!$A:$C,2,FALSE),0),0) -> 0.14238397 | Q37: =IFERROR(_xlfn.IFNA(VLOOKUP(G37,Additional_LU_and_deforestation!$D:$E,2,FALSE)/VLOOKUP(G37,Land_Cover_MIN_MAX!$A:$C,2,FALSE),0),0) -> 0.1995885 | R37: =IFERROR(_xlfn.IFNA(VLOOKUP(H37,Additional_LU_and_deforestation!$D:$E,2,FALSE)/VLOOKUP(H37,Land_Cover_MIN_MAX!$A:$C,2,FALSE),0),0) -> 0.35643639 | S37: 1 | T37: =IFERROR(_xlfn.IFNA(VLOOKUP(J37,Additional_LU_and_deforestation!$D:$E,2,FALSE)/VLOOKUP(J37,Land_Cover_MIN_MAX!$A:$C,2,FALSE),0),0) -> 0.6706652 | U37: 1 | W37: =VLOOKUP(C37,GTAP_area!$A:$F,6,FALSE) -> 170 | X37: =VLOOKUP(D37,GTAP_area!$A:$F,6,FALSE) -> 21215720 | Y37: =VLOOKUP(E37,GTAP_area!$A:$F,6,FALSE) -> 4280 | Z37: =VLOOKUP(F37,GTAP_area!$A:$F,6,FALSE) -> 130 | AA37: =VLOOKUP(G37,GTAP_area!$A:$F,6,FALSE) -> 1260 | AB37: =VLOOKUP(H37,GTAP_area!$A:$F,6,FALSE) -> 130 | AC37: =VLOOKUP(I37,GTAP_area!$A:$F,6,FALSE) -> 30 | AD37: =VLOOKUP(J37,GTAP_area!$A:$F,6,FALSE) -> 138920 | AE37: =VLOOKUP(K37,GTAP_area!$A:$F,6,FALSE) -> 1650 | AG37: =M37*W37 -> 68.482248 | AH37: =N37*X37 -> 0 | AI37: =O37*Y37 -> 5314.3815 | AJ37: =P37*Z37 -> 18.509916 | AK37: =Q37*AA37 -> 251.48151 | AL37: =R37*AB37 -> 46.336731 | AM37: =S37*AC37 -> 30 | AN37: =T37*AD37 -> 93168.81 | AO37: =U37*AE37 -> 1650 | AQ37: =IFERROR(GETPIVOTDATA("Coef. GTAP",Sheet3!$A$3,"Country",$A37,"AEZ",$B37,"Name",AQ$2),0) -> 0.047155261 | AR37: =IFERROR(GETPIVOTDATA("Coef. GTAP",Sheet3!$A$3,"Country",$A37,"AEZ",$B37,"Name",AR$2),0) -> 0 | AS37: =IFERROR(GETPIVOTDATA("Coef. GTAP",Sheet3!$A$3,"Country",$A37,"AEZ",$B37,"Name",AS$2),0) -> 0.053103055 | AT37: =IFERROR(GETPIVOTDATA("Coef. GTAP",Sheet3!$A$3,"Country",$A37,"AEZ",$B37,"Name",AT$2),0) -> 0.068917627 | AU37: =IFERROR(GETPIVOTDATA("Coef. GTAP",Sheet3!$A$3,"Country",$A37,"AEZ",$B37,"Name",AU$2),0) -> 0.037500693 | AV37: =IFERROR(GETPIVOTDATA("Coef. GTAP",Sheet3!$A$3,"Country",$A37,"AEZ",$B37,"Name",AV$2),0) -> 0.051917336 | AW37: =IFERROR(GETPIVOTDATA("Coef. GTAP",Sheet3!$A$3,"Country",$A37,"AEZ",$B37,"Name",AW$2),0) -> 0.045906234 | AX37: =IFERROR(GETPIVOTDATA("Coef. GTAP",Sheet3!$A$3,"Country",$A37,"AEZ",$B37,"Name",AX$2),0) -> 0.032489797 | AY37: =IFERROR(GETPIVOTDATA("Coef. GTAP",Sheet3!$A$3,"Country",$A37,"AEZ",$B37,"Name",AY$2),0) -> 0.053296677 | BA37: =AG37*AQ37 -> 3.2292983 | BB37: =AH37*AR37 -> 0 | BC37: =AI37*AS37 -> 282.2099 | BD37: =AJ37*AT37 -> 1.2756595 | BE37: =AK37*AU37 -> 9.4307308 | BF37: =AL37*AV37 -> 2.4056796 | BG37: =AM37*AW37 -> 1.377187 | BH37: =AN37*AX37 -> 3027.0357 | BI37: =AO37*AY37 -> 87.939517 | BK37: =BK36 -> Argentina | BL37: AEZ7 | BM37: =IFERROR(BA37/W37*100,0) -> 1.8995872 | BN37: =IFERROR(BB37/X37*100,0) -> 0 | BO37: =IFERROR(BC37/Y37*100,0) -> 6.5936892 | BP37: =IFERROR(BD37/Z37*100,0) -> 0.98127651 | BQ37: =IFERROR(BE37/AA37*100,0) -> 0.7484707 | BR37: =IFERROR(BF37/AB37*100,0) -> 1.8505228 | BS37: =IFERROR(BG37/AC37*100,0) -> 4.5906234 | BT37: =IFERROR(BH37/AD37*100,0) -> 2.1789776 | BU37: =IFERROR(BI37/AE37*100,0) -> 5.3296677 | BV37: =(SUM(BA37:BI37)/SUM(W37:AE37))*100 -> 0.015985663 | BW37: =IF(BA37>0,1,0) -> 1 | BX37: =IF(BB37>0,1,0) -> 0 | BY37: =IF(BC37>0,1,0) -> 1 | BZ37: =IF(BD37>0,1,0) -> 1 | CA37: =IF(BE37>0,1,0) -> 1 | CB37: =IF(BF37>0,1,0) -> 1 | CC37: =IF(BG37>0,1,0) -> 1 | CD37: =IF(BH37>0,1,0) -> 1 | CE37: =IF(BI37>0,1,0) -> 1 | CG37: =BW37*W37 -> 170 | CH37: =BX37*X37 -> 0 | CI37: =BY37*Y37 -> 4280 | CJ37: =BZ37*Z37 -> 130 | CK37: =CA37*AA37 -> 1260 | CL37: =CB37*AB37 -> 130 | CM37: =CC37*AC37 -> 30 | CN37: =CD37*AD37 -> 138920 | CO37: =CE37*AE37 -> 1650
A38: =A37 -> Argentina | B38: AEZ8 | C38: =_xlfn.CONCAT($A38,"#",$B38,"#",C$2) -> Argentina#AEZ8#c_b | D38: =_xlfn.CONCAT($A38,"#",$B38,"#",D$2) -> Argentina#AEZ8#ctl | E38: =_xlfn.CONCAT($A38,"#",$B38,"#",E$2) -> Argentina#AEZ8#gro | F38: =_xlfn.CONCAT($A38,"#",$B38,"#",F$2) -> Argentina#AEZ8#ocr | G38: =_xlfn.CONCAT($A38,"#",$B38,"#",G$2) -> Argentina#AEZ8#osd | H38: =_xlfn.CONCAT($A38,"#",$B38,"#",H$2) -> Argentina#AEZ8#pdr | I38: =_xlfn.CONCAT($A38,"#",$B38,"#",I$2) -> Argentina#AEZ8#pfb | J38: =_xlfn.CONCAT($A38,"#",$B38,"#",J$2) -> Argentina#AEZ8#v_f | K38: =_xlfn.CONCAT($A38,"#",$B38,"#",K$2) -> Argentina#AEZ8#wht | M38: =IFERROR(_xlfn.IFNA(VLOOKUP(C38,Additional_LU_and_deforestation!$D:$E,2,FALSE)/VLOOKUP(C38,Land_Cover_MIN_MAX!$A:$C,2,FALSE),0),0) -> 0 | N38: =IFERROR(_xlfn.IFNA(VLOOKUP(D38,Additional_LU_and_deforestation!$D:$E,2,FALSE)/VLOOKUP(D38,Land_Cover_MIN_MAX!$A:$C,2,FALSE),0),0) -> 0 | O38: =IFERROR(_xlfn.IFNA(VLOOKUP(E38,Additional_LU_and_deforestation!$D:$E,2,FALSE)/VLOOKUP(E38,Land_Cover_MIN_MAX!$A:$C,2,FALSE),0),0) -> 1.2416779 | P38: =IFERROR(_xlfn.IFNA(VLOOKUP(F38,Additional_LU_and_deforestation!$D:$E,2,FALSE)/VLOOKUP(F38,Land_Cover_MIN_MAX!$A:$C,2,FALSE),0),0) -> 0.14238397 | Q38: =IFERROR(_xlfn.IFNA(VLOOKUP(G38,Additional_LU_and_deforestation!$D:$E,2,FALSE)/VLOOKUP(G38,Land_Cover_MIN_MAX!$A:$C,2,FALSE),0),0) -> 0.1995885 | R38: =IFERROR(_xlfn.IFNA(VLOOKUP(H38,Additional_LU_and_deforestation!$D:$E,2,FALSE)/VLOOKUP(H38,Land_Cover_MIN_MAX!$A:$C,2,FALSE),0),0) -> 0.35643639 | S38: 1 | T38: =IFERROR(_xlfn.IFNA(VLOOKUP(J38,Additional_LU_and_deforestation!$D:$E,2,FALSE)/VLOOKUP(J38,Land_Cover_MIN_MAX!$A:$C,2,FALSE),0),0) -> 0.6706652 | U38: 1 | W38: =VLOOKUP(C38,GTAP_area!$A:$F,6,FALSE) -> 0 | X38: =VLOOKUP(D38,GTAP_area!$A:$F,6,FALSE) -> 19544930 | Y38: =VLOOKUP(E38,GTAP_area!$A:$F,6,FALSE) -> 16780 | Z38: =VLOOKUP(F38,GTAP_area!$A:$F,6,FALSE) -> 160 | AA38: =VLOOKUP(G38,GTAP_area!$A:$F,6,FALSE) -> 10820 | AB38: =VLOOKUP(H38,GTAP_area!$A:$F,6,FALSE) -> 10 | AC38: =VLOOKUP(I38,GTAP_area!$A:$F,6,FALSE) -> 210 | AD38: =VLOOKUP(J38,GTAP_area!$A:$F,6,FALSE) -> 106060 | AE38: =VLOOKUP(K38,GTAP_area!$A:$F,6,FALSE) -> 13170 | AG38: =M38*W38 -> 0 | AH38: =N38*X38 -> 0 | AI38: =O38*Y38 -> 20835.356 | AJ38: =P38*Z38 -> 22.781435 | AK38: =Q38*AA38 -> 2159.5476 | AL38: =R38*AB38 -> 3.5643639 | AM38: =S38*AC38 -> 210 | AN38: =T38*AD38 -> 71130.751 | AO38: =U38*AE38 -> 13170 | AQ38: =IFERROR(GETPIVOTDATA("Coef. GTAP",Sheet3!$A$3,"Country",$A38,"AEZ",$B38,"Name",AQ$2),0) -> 0 | AR38: =IFERROR(GETPIVOTDATA("Coef. GTAP",Sheet3!$A$3,"Country",$A38,"AEZ",$B38,"Name",AR$2),0) -> 0 | AS38: =IFERROR(GETPIVOTDATA("Coef. GTAP",Sheet3!$A$3,"Country",$A38,"AEZ",$B38,"Name",AS$2),0) -> 0.0061723516 | AT38: =IFERROR(GETPIVOTDATA("Coef. GTAP",Sheet3!$A$3,"Country",$A38,"AEZ",$B38,"Name",AT$2),0) -> 0.0084428521 | AU38: =IFERROR(GETPIVOTDATA("Coef. GTAP",Sheet3!$A$3,"Country",$A38,"AEZ",$B38,"Name",AU$2),0) -> 0.0063403637 | AV38: =IFERROR(GETPIVOTDATA("Coef. GTAP",Sheet3!$A$3,"Country",$A38,"AEZ",$B38,"Name",AV$2),0) -> 0.012229164 | AW38: =IFERROR(GETPIVOTDATA("Coef. GTAP",Sheet3!$A$3,"Country",$A38,"AEZ",$B38,"Name",AW$2),0) -> 0.0081965302 | AX38: =IFERROR(GETPIVOTDATA("Coef. GTAP",Sheet3!$A$3,"Country",$A38,"AEZ",$B38,"Name",AX$2),0) -> 0.0016584522 | AY38: =IFERROR(GETPIVOTDATA("Coef. GTAP",Sheet3!$A$3,"Country",$A38,"AEZ",$B38,"Name",AY$2),0) -> 0.0030899175 | BA38: =AG38*AQ38 -> 0 | BB38: =AH38*AR38 -> 0 | BC38: =AI38*AS38 -> 128.60314 | BD38: =AJ38*AT38 -> 0.19234028 | BE38: =AK38*AU38 -> 13.692317 | BF38: =AL38*AV38 -> 0.043589189 | BG38: =AM38*AW38 -> 1.7212713 | BH38: =AN38*AX38 -> 117.96695 | BI38: =AO38*AY38 -> 40.694214 | BK38: =BK37 -> Argentina | BL38: AEZ8 | BM38: =IFERROR(BA38/W38*100,0) -> 0 | BN38: =IFERROR(BB38/X38*100,0) -> 0 | BO38: =IFERROR(BC38/Y38*100,0) -> 0.76640728 | BP38: =IFERROR(BD38/Z38*100,0) -> 0.12021268 | BQ38: =IFERROR(BE38/AA38*100,0) -> 0.12654637 | BR38: =IFERROR(BF38/AB38*100,0) -> 0.43589189 | BS38: =IFERROR(BG38/AC38*100,0) -> 0.81965302 | BT38: =IFERROR(BH38/AD38*100,0) -> 0.11122662 | BU38: =IFERROR(BI38/AE38*100,0) -> 0.30899175 | BV38: =(SUM(BA38:BI38)/SUM(W38:AE38))*100 -> 0.0015382474 | BW38: =IF(BA38>0,1,0) -> 0 | BX38: =IF(BB38>0,1,0) -> 0 | BY38: =IF(BC38>0,1,0) -> 1 | BZ38: =IF(BD38>0,1,0) -> 1 | CA38: =IF(BE38>0,1,0) -> 1 | CB38: =IF(BF38>0,1,0) -> 1 | CC38: =IF(BG38>0,1,0) -> 1 | CD38: =IF(BH38>0,1,0) -> 1 | CE38: =IF(BI38>0,1,0) -> 1 | CG38: =BW38*W38 -> 0 | CH38: =BX38*X38 -> 0 | CI38: =BY38*Y38 -> 16780 | CJ38: =BZ38*Z38 -> 160 | CK38: =CA38*AA38 -> 10820 | CL38: =CB38*AB38 -> 10 | CM38: =CC38*AC38 -> 210 | CN38: =CD38*AD38 -> 106060 | CO38: =CE38*AE38 -> 13170
A39: =A38 -> Argentina | B39: AEZ9 | C39: =_xlfn.CONCAT($A39,"#",$B39,"#",C$2) -> Argentina#AEZ9#c_b | D39: =_xlfn.CONCAT($A39,"#",$B39,"#",D$2) -> Argentina#AEZ9#ctl | E39: =_xlfn.CONCAT($A39,"#",$B39,"#",E$2) -> Argentina#AEZ9#gro | F39: =_xlfn.CONCAT($A39,"#",$B39,"#",F$2) -> Argentina#AEZ9#ocr | G39: =_xlfn.CONCAT($A39,"#",$B39,"#",G$2) -> Argentina#AEZ9#osd | H39: =_xlfn.CONCAT($A39,"#",$B39,"#",H$2) -> Argentina#AEZ9#pdr | I39: =_xlfn.CONCAT($A39,"#",$B39,"#",I$2) -> Argentina#AEZ9#pfb | J39: =_xlfn.CONCAT($A39,"#",$B39,"#",J$2) -> Argentina#AEZ9#v_f | K39: =_xlfn.CONCAT($A39,"#",$B39,"#",K$2) -> Argentina#AEZ9#wht | M39: =IFERROR(_xlfn.IFNA(VLOOKUP(C39,Additional_LU_and_deforestation!$D:$E,2,FALSE)/VLOOKUP(C39,Land_Cover_MIN_MAX!$A:$C,2,FALSE),0),0) -> 0.40283675 | N39: =IFERROR(_xlfn.IFNA(VLOOKUP(D39,Additional_LU_and_deforestation!$D:$E,2,FALSE)/VLOOKUP(D39,Land_Cover_MIN_MAX!$A:$C,2,FALSE),0),0) -> 0 | O39: =IFERROR(_xlfn.IFNA(VLOOKUP(E39,Additional_LU_and_deforestation!$D:$E,2,FALSE)/VLOOKUP(E39,Land_Cover_MIN_MAX!$A:$C,2,FALSE),0),0) -> 1.2416779 | P39: =IFERROR(_xlfn.IFNA(VLOOKUP(F39,Additional_LU_and_deforestation!$D:$E,2,FALSE)/VLOOKUP(F39,Land_Cover_MIN_MAX!$A:$C,2,FALSE),0),0) -> 0.14238397 | Q39: =IFERROR(_xlfn.IFNA(VLOOKUP(G39,Additional_LU_and_deforestation!$D:$E,2,FALSE)/VLOOKUP(G39,Land_Cover_MIN_MAX!$A:$C,2,FALSE),0),0) -> 0.1995885 | R39: =IFERROR(_xlfn.IFNA(VLOOKUP(H39,Additional_LU_and_deforestation!$D:$E,2,FALSE)/VLOOKUP(H39,Land_Cover_MIN_MAX!$A:$C,2,FALSE),0),0) -> 0 | S39: 1 | T39: =IFERROR(_xlfn.IFNA(VLOOKUP(J39,Additional_LU_and_deforestation!$D:$E,2,FALSE)/VLOOKUP(J39,Land_Cover_MIN_MAX!$A:$C,2,FALSE),0),0) -> 0.6706652 | U39: 1 | W39: =VLOOKUP(C39,GTAP_area!$A:$F,6,FALSE) -> 10 | X39: =VLOOKUP(D39,GTAP_area!$A:$F,6,FALSE) -> 4809630 | Y39: =VLOOKUP(E39,GTAP_area!$A:$F,6,FALSE) -> 57910 | Z39: =VLOOKUP(F39,GTAP_area!$A:$F,6,FALSE) -> 390 | AA39: =VLOOKUP(G39,GTAP_area!$A:$F,6,FALSE) -> 48640 | AB39: =VLOOKUP(H39,GTAP_area!$A:$F,6,FALSE) -> 0 | AC39: =VLOOKUP(I39,GTAP_area!$A:$F,6,FALSE) -> 340 | AD39: =VLOOKUP(J39,GTAP_area!$A:$F,6,FALSE) -> 53590 | AE39: =VLOOKUP(K39,GTAP_area!$A:$F,6,FALSE) -> 135270 | AG39: =M39*W39 -> 4.0283675 | AH39: =N39*X39 -> 0 | AI39: =O39*Y39 -> 71905.569 | AJ39: =P39*Z39 -> 55.529747 | AK39: =Q39*AA39 -> 9707.9846 | AL39: =R39*AB39 -> 0 | AM39: =S39*AC39 -> 340 | AN39: =T39*AD39 -> 35940.948 | AO39: =U39*AE39 -> 135270 | AQ39: =IFERROR(GETPIVOTDATA("Coef. GTAP",Sheet3!$A$3,"Country",$A39,"AEZ",$B39,"Name",AQ$2),0) -> 0.17591918 | AR39: =IFERROR(GETPIVOTDATA("Coef. GTAP",Sheet3!$A$3,"Country",$A39,"AEZ",$B39,"Name",AR$2),0) -> 0 | AS39: =IFERROR(GETPIVOTDATA("Coef. GTAP",Sheet3!$A$3,"Country",$A39,"AEZ",$B39,"Name",AS$2),0) -> 0.18815882 | AT39: =IFERROR(GETPIVOTDATA("Coef. GTAP",Sheet3!$A$3,"Country",$A39,"AEZ",$B39,"Name",AT$2),0) -> 0.25729722 | AU39: =IFERROR(GETPIVOTDATA("Coef. GTAP",Sheet3!$A$3,"Country",$A39,"AEZ",$B39,"Name",AU$2),0) -> 0.19619566 | AV39: =IFERROR(GETPIVOTDATA("Coef. GTAP",Sheet3!$A$3,"Country",$A39,"AEZ",$B39,"Name",AV$2),0) -> 0 | AW39: =IFERROR(GETPIVOTDATA("Coef. GTAP",Sheet3!$A$3,"Country",$A39,"AEZ",$B39,"Name",AW$2),0) -> 0.24836554 | AX39: =IFERROR(GETPIVOTDATA("Coef. GTAP",Sheet3!$A$3,"Country",$A39,"AEZ",$B39,"Name",AX$2),0) -> 0.052222414 | AY39: =IFERROR(GETPIVOTDATA("Coef. GTAP",Sheet3!$A$3,"Country",$A39,"AEZ",$B39,"Name",AY$2),0) -> 0.096741583 | BA39: =AG39*AQ39 -> 0.70866713 | BB39: =AH39*AR39 -> 0 | BC39: =AI39*AS39 -> 13529.667 | BD39: =AJ39*AT39 -> 14.28765 | BE39: =AK39*AU39 -> 1904.6644 | BF39: =AL39*AV39 -> 0 | BG39: =AM39*AW39 -> 84.444284 | BH39: =AN39*AX39 -> 1876.9231 | BI39: =AO39*AY39 -> 13086.234 | BK39: =BK38 -> Argentina | BL39: AEZ9 | BM39: =IFERROR(BA39/W39*100,0) -> 7.0866713 | BN39: =IFERROR(BB39/X39*100,0) -> 0 | BO39: =IFERROR(BC39/Y39*100,0) -> 23.363265 | BP39: =IFERROR(BD39/Z39*100,0) -> 3.6634999 | BQ39: =IFERROR(BE39/AA39*100,0) -> 3.9158397 | BR39: =IFERROR(BF39/AB39*100,0) -> 0 | BS39: =IFERROR(BG39/AC39*100,0) -> 24.836554 | BT39: =IFERROR(BH39/AD39*100,0) -> 3.5023756 | BU39: =IFERROR(BI39/AE39*100,0) -> 9.6741583 | BV39: =(SUM(BA39:BI39)/SUM(W39:AE39))*100 -> 0.59730206 | BW39: =IF(BA39>0,1,0) -> 1 | BX39: =IF(BB39>0,1,0) -> 0 | BY39: =IF(BC39>0,1,0) -> 1 | BZ39: =IF(BD39>0,1,0) -> 1 | CA39: =IF(BE39>0,1,0) -> 1 | CB39: =IF(BF39>0,1,0) -> 0 | CC39: =IF(BG39>0,1,0) -> 1 | CD39: =IF(BH39>0,1,0) -> 1 | CE39: =IF(BI39>0,1,0) -> 1 | CG39: =BW39*W39 -> 10 | CH39: =BX39*X39 -> 0 | CI39: =BY39*Y39 -> 57910 | CJ39: =BZ39*Z39 -> 390 | CK39: =CA39*AA39 -> 48640 | CL39: =CB39*AB39 -> 0 | CM39: =CC39*AC39 -> 340 | CN39: =CD39*AD39 -> 53590 | CO39: =CE39*AE39 -> 135270
BA40: =SUM(BA22:BA39) -> 2302.518 | BB40: =SUM(BB22:BB39) -> 131984.88 | BC40: =SUM(BC22:BC39) -> 181770.8 | BD40: =SUM(BD22:BD39) -> 221.16266 | BE40: =SUM(BE22:BE39) -> 55687.813 | BF40: =SUM(BF22:BF39) -> 238.94213 | BG40: =SUM(BG22:BG39) -> 10959.3 | BH40: =SUM(BH22:BH39) -> 14397.026 | BI40: =SUM(BI22:BI39) -> 86034.959 | BL40: x | BM40: =IFERROR(BA40/CG40*100,0) -> 0.55988279 | BN40: =IFERROR(BB40/CH40*100,0) -> 14.159189 | BO40: =IFERROR(BC40/CI40*100,0) -> 2.0160601 | BP40: =IFERROR(BD40/CJ40*100,0) -> 0.088433228 | BQ40: =IFERROR(BE40/CK40*100,0) -> 0.29298643 | BR40: =IFERROR(BF40/CL40*100,0) -> 0.13042693 | BS40: =IFERROR(BG40/CM40*100,0) -> 3.3102668 | BT40: =IFERROR(BH40/CN40*100,0) -> 1.0537082 | BU40: =IFERROR(BI40/CO40*100,0) -> 1.4219644 | CG40: =SUM(CG22:CG39) -> 411250 | CH40: =SUM(CH22:CH39) -> 932150 | CI40: =SUM(CI22:CI39) -> 9016140 | CJ40: =SUM(CJ22:CJ39) -> 250090 | CK40: =SUM(CK22:CK39) -> 19006960 | CL40: =SUM(CL22:CL39) -> 183200 | CM40: =SUM(CM22:CM39) -> 331070 | CN40: =SUM(CN22:CN39) -> 1366320 | CO40: =SUM(CO22:CO39) -> 6050430
A41: Bolivia | B41: AEZ1 | C41: =_xlfn.CONCAT($A41,"#",$B41,"#",C$2) -> Bolivia#AEZ1#c_b | D41: =_xlfn.CONCAT($A41,"#",$B41,"#",D$2) -> Bolivia#AEZ1#ctl | E41: =_xlfn.CONCAT($A41,"#",$B41,"#",E$2) -> Bolivia#AEZ1#gro | F41: =_xlfn.CONCAT($A41,"#",$B41,"#",F$2) -> Bolivia#AEZ1#ocr | G41: =_xlfn.CONCAT($A41,"#",$B41,"#",G$2) -> Bolivia#AEZ1#osd | H41: =_xlfn.CONCAT($A41,"#",$B41,"#",H$2) -> Bolivia#AEZ1#pdr | I41: =_xlfn.CONCAT($A41,"#",$B41,"#",I$2) -> Bolivia#AEZ1#pfb | J41: =_xlfn.CONCAT($A41,"#",$B41,"#",J$2) -> Bolivia#AEZ1#v_f | K41: =_xlfn.CONCAT($A41,"#",$B41,"#",K$2) -> Bolivia#AEZ1#wht | M41: =IFERROR(_xlfn.IFNA(VLOOKUP(C41,Additional_LU_and_deforestation!$D:$E,2,FALSE)/VLOOKUP(C41,Land_Cover_MIN_MAX!$A:$C,2,FALSE),0),0) -> 0 | N41: =IFERROR(_xlfn.IFNA(VLOOKUP(D41,Additional_LU_and_deforestation!$D:$E,2,FALSE)/VLOOKUP(D41,Land_Cover_MIN_MAX!$A:$C,2,FALSE),0),0) -> 0 | O41: =IFERROR(_xlfn.IFNA(VLOOKUP(E41,Additional_LU_and_deforestation!$D:$E,2,FALSE)/VLOOKUP(E41,Land_Cover_MIN_MAX!$A:$C,2,FALSE),0),0) -> 0 | P41: =IFERROR(_xlfn.IFNA(VLOOKUP(F41,Additional_LU_and_deforestation!$D:$E,2,FALSE)/VLOOKUP(F41,Land_Cover_MIN_MAX!$A:$C,2,FALSE),0),0) -> 0 | Q41: =IFERROR(_xlfn.IFNA(VLOOKUP(G41,Additional_LU_and_deforestation!$D:$E,2,FALSE)/VLOOKUP(G41,Land_Cover_MIN_MAX!$A:$C,2,FALSE),0),0) -> 0 | R41: =IFERROR(_xlfn.IFNA(VLOOKUP(H41,Additional_LU_and_deforestation!$D:$E,2,FALSE)/VLOOKUP(H41,Land_Cover_MIN_MAX!$A:$C,2,FALSE),0),0) -> 0 | S41: =IFERROR(_xlfn.IFNA(VLOOKUP(I41,Additional_LU_and_deforestation!$D:$E,2,FALSE)/VLOOKUP(I41,Land_Cover_MIN_MAX!$A:$C,2,FALSE),0),0) -> 0 | T41: =IFERROR(_xlfn.IFNA(VLOOKUP(J41,Additional_LU_and_deforestation!$D:$E,2,FALSE)/VLOOKUP(J41,Land_Cover_MIN_MAX!$A:$C,2,FALSE),0),0) -> 0 | U41: =IFERROR(_xlfn.IFNA(VLOOKUP(K41,Additional_LU_and_deforestation!$D:$E,2,FALSE)/VLOOKUP(K41,Land_Cover_MIN_MAX!$A:$C,2,FALSE),0),0) -> 0 | W41: =VLOOKUP(C41,GTAP_area!$A:$F,6,FALSE) -> 0 | X41: =VLOOKUP(D41,GTAP_area!$A:$F,6,FALSE) -> 0 | Y41: =VLOOKUP(E41,GTAP_area!$A:$F,6,FALSE) -> 0 | Z41: =VLOOKUP(F41,GTAP_area!$A:$F,6,FALSE) -> 0 | AA41: =VLOOKUP(G41,GTAP_area!$A:$F,6,FALSE) -> 0 | AB41: =VLOOKUP(H41,GTAP_area!$A:$F,6,FALSE) -> 0 | AC41: =VLOOKUP(I41,GTAP_area!$A:$F,6,FALSE) -> 0 | AD41: =VLOOKUP(J41,GTAP_area!$A:$F,6,FALSE) -> 0 | AE41: =VLOOKUP(K41,GTAP_area!$A:$F,6,FALSE) -> 0 | AG41: =M41*W41 -> 0 | AH41: =N41*X41 -> 0 | AI41: =O41*Y41 -> 0 | AJ41: =P41*Z41 -> 0 | AK41: =Q41*AA41 -> 0 | AL41: =R41*AB41 -> 0 | AM41: =S41*AC41 -> 0 | AN41: =T41*AD41 -> 0 | AO41: =U41*AE41 -> 0 | AQ41: =IFERROR(GETPIVOTDATA("Coef. GTAP",Sheet3!$A$3,"Country",$A41,"AEZ",$B41,"Name",AQ$2),0) -> 0 | AR41: =IFERROR(GETPIVOTDATA("Coef. GTAP",Sheet3!$A$3,"Country",$A41,"AEZ",$B41,"Name",AR$2),0) -> 0 | AS41: =IFERROR(GETPIVOTDATA("Coef. GTAP",Sheet3!$A$3,"Country",$A41,"AEZ",$B41,"Name",AS$2),0) -> 0 | AT41: =IFERROR(GETPIVOTDATA("Coef. GTAP",Sheet3!$A$3,"Country",$A41,"AEZ",$B41,"Name",AT$2),0) -> 0 | AU41: =IFERROR(GETPIVOTDATA("Coef. GTAP",Sheet3!$A$3,"Country",$A41,"AEZ",$B41,"Name",AU$2),0) -> 0 | AV41: =IFERROR(GETPIVOTDATA("Coef. GTAP",Sheet3!$A$3,"Country",$A41,"AEZ",$B41,"Name",AV$2),0) -> 0 | AW41: =IFERROR(GETPIVOTDATA("Coef. GTAP",Sheet3!$A$3,"Country",$A41,"AEZ",$B41,"Name",AW$2),0) -> 0 | AX41: =IFERROR(GETPIVOTDATA("Coef. GTAP",Sheet3!$A$3,"Country",$A41,"AEZ",$B41,"Name",AX$2),0) -> 0 | AY41: =IFERROR(GETPIVOTDATA("Coef. GTAP",Sheet3!$A$3,"Country",$A41,"AEZ",$B41,"Name",AY$2),0) -> 0 | BA41: =AG41*AQ41 -> 0 | BB41: =AH41*AR41 -> 0 | BC41: =AI41*AS41 -> 0 | BD41: =AJ41*AT41 -> 0 | BE41: =AK41*AU41 -> 0 | BF41: =AL41*AV41 -> 0 | BG41: =AM41*AW41 -> 0 | BH41: =AN41*AX41 -> 0 | BI41: =AO41*AY41 -> 0 | BK41: Bolivia | BL41: AEZ1 | BM41: =IFERROR(BA41/W41*100,0) -> 0 | BN41: =IFERROR(BB41/X41*100,0) -> 0 | BO41: =IFERROR(BC41/Y41*100,0) -> 0 | BP41: =IFERROR(BD41/Z41*100,0) -> 0 | BQ41: =IFERROR(BE41/AA41*100,0) -> 0 | BR41: =IFERROR(BF41/AB41*100,0) -> 0 | BS41: =IFERROR(BG41/AC41*100,0) -> 0 | BT41: =IFERROR(BH41/AD41*100,0) -> 0 | BU41: =IFERROR(BI41/AE41*100,0) -> 0 | BV41: =(SUM(BA41:BI41)/SUM(W41:AE41))*100 -> #DIV/0! | BW41: =IF(BA41>0,1,0) -> 0 | BX41: =IF(BB41>0,1,0) -> 0 | BY41: =IF(BC41>0,1,0) -> 0 | BZ41: =IF(BD41>0,1,0) -> 0 | CA41: =IF(BE41>0,1,0) -> 0 | CB41: =IF(BF41>0,1,0) -> 0 | CC41: =IF(BG41>0,1,0) -> 0 | CD41: =IF(BH41>0,1,0) -> 0 | CE41: =IF(BI41>0,1,0) -> 0 | CG41: =BW41*W41 -> 0 | CH41: =BX41*X41 -> 0 | CI41: =BY41*Y41 -> 0 | CJ41: =BZ41*Z41 -> 0 | CK41: =CA41*AA41 -> 0 | CL41: =CB41*AB41 -> 0 | CM41: =CC41*AC41 -> 0 | CN41: =CD41*AD41 -> 0 | CO41: =CE41*AE41 -> 0
A42: =A41 -> Bolivia | B42: AEZ10 | C42: =_xlfn.CONCAT($A42,"#",$B42,"#",C$2) -> Bolivia#AEZ10#c_b | D42: =_xlfn.CONCAT($A42,"#",$B42,"#",D$2) -> Bolivia#AEZ10#ctl | E42: =_xlfn.CONCAT($A42,"#",$B42,"#",E$2) -> Bolivia#AEZ10#gro | F42: =_xlfn.CONCAT($A42,"#",$B42,"#",F$2) -> Bolivia#AEZ10#ocr | G42: =_xlfn.CONCAT($A42,"#",$B42,"#",G$2) -> Bolivia#AEZ10#osd | H42: =_xlfn.CONCAT($A42,"#",$B42,"#",H$2) -> Bolivia#AEZ10#pdr | I42: =_xlfn.CONCAT($A42,"#",$B42,"#",I$2) -> Bolivia#AEZ10#pfb | J42: =_xlfn.CONCAT($A42,"#",$B42,"#",J$2) -> Bolivia#AEZ10#v_f | K42: =_xlfn.CONCAT($A42,"#",$B42,"#",K$2) -> Bolivia#AEZ10#wht | M42: =IFERROR(_xlfn.IFNA(VLOOKUP(C42,Additional_LU_and_deforestation!$D:$E,2,FALSE)/VLOOKUP(C42,Land_Cover_MIN_MAX!$A:$C,2,FALSE),0),0) -> 0.3192965 | N42: =IFERROR(_xlfn.IFNA(VLOOKUP(D42,Additional_LU_and_deforestation!$D:$E,2,FALSE)/VLOOKUP(D42,Land_Cover_MIN_MAX!$A:$C,2,FALSE),0),0) -> 5.9973612e-05 | O42: =IFERROR(_xlfn.IFNA(VLOOKUP(E42,Additional_LU_and_deforestation!$D:$E,2,FALSE)/VLOOKUP(E42,Land_Cover_MIN_MAX!$A:$C,2,FALSE),0),0) -> 1.1246569 | P42: =IFERROR(_xlfn.IFNA(VLOOKUP(F42,Additional_LU_and_deforestation!$D:$E,2,FALSE)/VLOOKUP(F42,Land_Cover_MIN_MAX!$A:$C,2,FALSE),0),0) -> 0.40640266 | Q42: =IFERROR(_xlfn.IFNA(VLOOKUP(G42,Additional_LU_and_deforestation!$D:$E,2,FALSE)/VLOOKUP(G42,Land_Cover_MIN_MAX!$A:$C,2,FALSE),0),0) -> 0.42464541 | R42: =IFERROR(_xlfn.IFNA(VLOOKUP(H42,Additional_LU_and_deforestation!$D:$E,2,FALSE)/VLOOKUP(H42,Land_Cover_MIN_MAX!$A:$C,2,FALSE),0),0) -> 0.30221838 | S42: =IFERROR(_xlfn.IFNA(VLOOKUP(I42,Additional_LU_and_deforestation!$D:$E,2,FALSE)/VLOOKUP(I42,Land_Cover_MIN_MAX!$A:$C,2,FALSE),0),0) -> 7.666 | T42: =IFERROR(_xlfn.IFNA(VLOOKUP(J42,Additional_LU_and_deforestation!$D:$E,2,FALSE)/VLOOKUP(J42,Land_Cover_MIN_MAX!$A:$C,2,FALSE),0),0) -> 0.21588782 | U42: =IFERROR(_xlfn.IFNA(VLOOKUP(K42,Additional_LU_and_deforestation!$D:$E,2,FALSE)/VLOOKUP(K42,Land_Cover_MIN_MAX!$A:$C,2,FALSE),0),0) -> 1.0140825 | W42: =VLOOKUP(C42,GTAP_area!$A:$F,6,FALSE) -> 1530 | X42: =VLOOKUP(D42,GTAP_area!$A:$F,6,FALSE) -> 1031850 | Y42: =VLOOKUP(E42,GTAP_area!$A:$F,6,FALSE) -> 66560 | Z42: =VLOOKUP(F42,GTAP_area!$A:$F,6,FALSE) -> 7760 | AA42: =VLOOKUP(G42,GTAP_area!$A:$F,6,FALSE) -> 7810 | AB42: =VLOOKUP(H42,GTAP_area!$A:$F,6,FALSE) -> 5730 | AC42: =VLOOKUP(I42,GTAP_area!$A:$F,6,FALSE) -> 110 | AD42: =VLOOKUP(J42,GTAP_area!$A:$F,6,FALSE) -> 60240 | AE42: =VLOOKUP(K42,GTAP_area!$A:$F,6,FALSE) -> 21740 | AG42: =M42*W42 -> 488.52364 | AH42: =N42*X42 -> 61.883771 | AI42: =O42*Y42 -> 74857.163 | AJ42: =P42*Z42 -> 3153.6846 | AK42: =Q42*AA42 -> 3316.4807 | AL42: =R42*AB42 -> 1731.7113 | AM42: =S42*AC42 -> 843.26 | AN42: =T42*AD42 -> 13005.082 | AO42: =U42*AE42 -> 22046.154 | AQ42: =IFERROR(GETPIVOTDATA("Coef. GTAP",Sheet3!$A$3,"Country",$A42,"AEZ",$B42,"Name",AQ$2),0) -> 0.0080833443 | AR42: =IFERROR(GETPIVOTDATA("Coef. GTAP",Sheet3!$A$3,"Country",$A42,"AEZ",$B42,"Name",AR$2),0) -> 1 | AS42: =IFERROR(GETPIVOTDATA("Coef. GTAP",Sheet3!$A$3,"Country",$A42,"AEZ",$B42,"Name",AS$2),0) -> 0.0038949992 | AT42: =IFERROR(GETPIVOTDATA("Coef. GTAP",Sheet3!$A$3,"Country",$A42,"AEZ",$B42,"Name",AT$2),0) -> 0.0014543762 | AU42: =IFERROR(GETPIVOTDATA("Coef. GTAP",Sheet3!$A$3,"Country",$A42,"AEZ",$B42,"Name",AU$2),0) -> 0.0047079945 | AV42: =IFERROR(GETPIVOTDATA("Coef. GTAP",Sheet3!$A$3,"Country",$A42,"AEZ",$B42,"Name",AV$2),0) -> 0.0029020159 | AW42: =IFERROR(GETPIVOTDATA("Coef. GTAP",Sheet3!$A$3,"Country",$A42,"AEZ",$B42,"Name",AW$2),0) -> 0.0080792899 | AX42: =IFERROR(GETPIVOTDATA("Coef. GTAP",Sheet3!$A$3,"Country",$A42,"AEZ",$B42,"Name",AX$2),0) -> 0.0011725803 | AY42: =IFERROR(GETPIVOTDATA("Coef. GTAP",Sheet3!$A$3,"Country",$A42,"AEZ",$B42,"Name",AY$2),0) -> 0.0059926665 | BA42: =AG42*AQ42 -> 3.9489048 | BB42: =AH42*AR42 -> 61.883771 | BC42: =AI42*AS42 -> 291.56859 | BD42: =AJ42*AT42 -> 4.5866439 | BE42: =AK42*AU42 -> 15.613973 | BF42: =AL42*AV42 -> 5.0254539 | BG42: =AM42*AW42 -> 6.812942 | BH42: =AN42*AX42 -> 15.249503 | BI42: =AO42*AY42 -> 132.11525 | BK42: =BK41 -> Bolivia | BL42: AEZ10 | BM42: =IFERROR(BA42/W42*100,0) -> 0.25809835 | BN42: =IFERROR(BB42/X42*100,0) -> 0.0059973612 | BO42: =IFERROR(BC42/Y42*100,0) -> 0.43805377 | BP42: =IFERROR(BD42/Z42*100,0) -> 0.059106236 | BQ42: =IFERROR(BE42/AA42*100,0) -> 0.19992282 | BR42: =IFERROR(BF42/AB42*100,0) -> 0.087704257 | BS42: =IFERROR(BG42/AC42*100,0) -> 6.1935836 | BT42: =IFERROR(BH42/AD42*100,0) -> 0.02531458 | BU42: =IFERROR(BI42/AE42*100,0) -> 0.60770585 | BV42: =(SUM(BA42:BI42)/SUM(W42:AE42))*100 -> 0.04460996 | BW42: =IF(BA42>0,1,0) -> 1 | BX42: =IF(BB42>0,1,0) -> 1 | BY42: =IF(BC42>0,1,0) -> 1 | BZ42: =IF(BD42>0,1,0) -> 1 | CA42: =IF(BE42>0,1,0) -> 1 | CB42: =IF(BF42>0,1,0) -> 1 | CC42: =IF(BG42>0,1,0) -> 1 | CD42: =IF(BH42>0,1,0) -> 1 | CE42: =IF(BI42>0,1,0) -> 1 | CG42: =BW42*W42 -> 1530 | CH42: =BX42*X42 -> 1031850 | CI42: =BY42*Y42 -> 66560 | CJ42: =BZ42*Z42 -> 7760 | CK42: =CA42*AA42 -> 7810 | CL42: =CB42*AB42 -> 5730 | CM42: =CC42*AC42 -> 110 | CN42: =CD42*AD42 -> 60240 | CO42: =CE42*AE42 -> 21740
A43: =A42 -> Bolivia | B43: AEZ11 | C43: =_xlfn.CONCAT($A43,"#",$B43,"#",C$2) -> Bolivia#AEZ11#c_b | D43: =_xlfn.CONCAT($A43,"#",$B43,"#",D$2) -> Bolivia#AEZ11#ctl | E43: =_xlfn.CONCAT($A43,"#",$B43,"#",E$2) -> Bolivia#AEZ11#gro | F43: =_xlfn.CONCAT($A43,"#",$B43,"#",F$2) -> Bolivia#AEZ11#ocr | G43: =_xlfn.CONCAT($A43,"#",$B43,"#",G$2) -> Bolivia#AEZ11#osd | H43: =_xlfn.CONCAT($A43,"#",$B43,"#",H$2) -> Bolivia#AEZ11#pdr | I43: =_xlfn.CONCAT($A43,"#",$B43,"#",I$2) -> Bolivia#AEZ11#pfb | J43: =_xlfn.CONCAT($A43,"#",$B43,"#",J$2) -> Bolivia#AEZ11#v_f | K43: =_xlfn.CONCAT($A43,"#",$B43,"#",K$2) -> Bolivia#AEZ11#wht | M43: =IFERROR(_xlfn.IFNA(VLOOKUP(C43,Additional_LU_and_deforestation!$D:$E,2,FALSE)/VLOOKUP(C43,Land_Cover_MIN_MAX!$A:$C,2,FALSE),0),0) -> 0 | N43: =IFERROR(_xlfn.IFNA(VLOOKUP(D43,Additional_LU_and_deforestation!$D:$E,2,FALSE)/VLOOKUP(D43,Land_Cover_MIN_MAX!$A:$C,2,FALSE),0),0) -> 0.011393716 | O43: =IFERROR(_xlfn.IFNA(VLOOKUP(E43,Additional_LU_and_deforestation!$D:$E,2,FALSE)/VLOOKUP(E43,Land_Cover_MIN_MAX!$A:$C,2,FALSE),0),0) -> 0 | P43: =IFERROR(_xlfn.IFNA(VLOOKUP(F43,Additional_LU_and_deforestation!$D:$E,2,FALSE)/VLOOKUP(F43,Land_Cover_MIN_MAX!$A:$C,2,FALSE),0),0) -> 0 | Q43: =IFERROR(_xlfn.IFNA(VLOOKUP(G43,Additional_LU_and_deforestation!$D:$E,2,FALSE)/VLOOKUP(G43,Land_Cover_MIN_MAX!$A:$C,2,FALSE),0),0) -> 0 | R43: =IFERROR(_xlfn.IFNA(VLOOKUP(H43,Additional_LU_and_deforestation!$D:$E,2,FALSE)/VLOOKUP(H43,Land_Cover_MIN_MAX!$A:$C,2,FALSE),0),0) -> 0 | S43: =IFERROR(_xlfn.IFNA(VLOOKUP(I43,Additional_LU_and_deforestation!$D:$E,2,FALSE)/VLOOKUP(I43,Land_Cover_MIN_MAX!$A:$C,2,FALSE),0),0) -> 0 | T43: =IFERROR(_xlfn.IFNA(VLOOKUP(J43,Additional_LU_and_deforestation!$D:$E,2,FALSE)/VLOOKUP(J43,Land_Cover_MIN_MAX!$A:$C,2,FALSE),0),0) -> 0 | U43: =IFERROR(_xlfn.IFNA(VLOOKUP(K43,Additional_LU_and_deforestation!$D:$E,2,FALSE)/VLOOKUP(K43,Land_Cover_MIN_MAX!$A:$C,2,FALSE),0),0) -> 0 | W43: =VLOOKUP(C43,GTAP_area!$A:$F,6,FALSE) -> 5360 | X43: =VLOOKUP(D43,GTAP_area!$A:$F,6,FALSE) -> 443080 | Y43: =VLOOKUP(E43,GTAP_area!$A:$F,6,FALSE) -> 79040 | Z43: =VLOOKUP(F43,GTAP_area!$A:$F,6,FALSE) -> 6970 | AA43: =VLOOKUP(G43,GTAP_area!$A:$F,6,FALSE) -> 20420 | AB43: =VLOOKUP(H43,GTAP_area!$A:$F,6,FALSE) -> 5930 | AC43: =VLOOKUP(I43,GTAP_area!$A:$F,6,FALSE) -> 100 | AD43: =VLOOKUP(J43,GTAP_area!$A:$F,6,FALSE) -> 58410 | AE43: =VLOOKUP(K43,GTAP_area!$A:$F,6,FALSE) -> 23530 | AG43: =M43*W43 -> 0 | AH43: =N43*X43 -> 5048.3278 | AI43: =O43*Y43 -> 0 | AJ43: =P43*Z43 -> 0 | AK43: =Q43*AA43 -> 0 | AL43: =R43*AB43 -> 0 | AM43: =S43*AC43 -> 0 | AN43: =T43*AD43 -> 0 | AO43: =U43*AE43 -> 0 | AQ43: =IFERROR(GETPIVOTDATA("Coef. GTAP",Sheet3!$A$3,"Country",$A43,"AEZ",$B43,"Name",AQ$2),0) -> 0 | AR43: =IFERROR(GETPIVOTDATA("Coef. GTAP",Sheet3!$A$3,"Country",$A43,"AEZ",$B43,"Name",AR$2),0) -> 1 | AS43: =IFERROR(GETPIVOTDATA("Coef. GTAP",Sheet3!$A$3,"Country",$A43,"AEZ",$B43,"Name",AS$2),0) -> 0 | AT43: =IFERROR(GETPIVOTDATA("Coef. GTAP",Sheet3!$A$3,"Country",$A43,"AEZ",$B43,"Name",AT$2),0) -> 0 | AU43: =IFERROR(GETPIVOTDATA("Coef. GTAP",Sheet3!$A$3,"Country",$A43,"AEZ",$B43,"Name",AU$2),0) -> 0 | AV43: =IFERROR(GETPIVOTDATA("Coef. GTAP",Sheet3!$A$3,"Country",$A43,"AEZ",$B43,"Name",AV$2),0) -> 0 | AW43: =IFERROR(GETPIVOTDATA("Coef. GTAP",Sheet3!$A$3,"Country",$A43,"AEZ",$B43,"Name",AW$2),0) -> 0 | AX43: =IFERROR(GETPIVOTDATA("Coef. GTAP",Sheet3!$A$3,"Country",$A43,"AEZ",$B43,"Name",AX$2),0) -> 0 | AY43: =IFERROR(GETPIVOTDATA("Coef. GTAP",Sheet3!$A$3,"Country",$A43,"AEZ",$B43,"Name",AY$2),0) -> 0 | BA43: =AG43*AQ43 -> 0 | BB43: =AH43*AR43 -> 5048.3278 | BC43: =AI43*AS43 -> 0 | BD43: =AJ43*AT43 -> 0 | BE43: =AK43*AU43 -> 0 | BF43: =AL43*AV43 -> 0 | BG43: =AM43*AW43 -> 0 | BH43: =AN43*AX43 -> 0 | BI43: =AO43*AY43 -> 0 | BK43: =BK42 -> Bolivia | BL43: AEZ11 | BM43: =IFERROR(BA43/W43*100,0) -> 0 | BN43: =IFERROR(BB43/X43*100,0) -> 1.1393716 | BO43: =IFERROR(BC43/Y43*100,0) -> 0 | BP43: =IFERROR(BD43/Z43*100,0) -> 0 | BQ43: =IFERROR(BE43/AA43*100,0) -> 0 | BR43: =IFERROR(BF43/AB43*100,0) -> 0 | BS43: =IFERROR(BG43/AC43*100,0) -> 0 | BT43: =IFERROR(BH43/AD43*100,0) -> 0 | BU43: =IFERROR(BI43/AE43*100,0) -> 0 | BV43: =(SUM(BA43:BI43)/SUM(W43:AE43))*100 -> 0.78531637 | BW43: =IF(BA43>0,1,0) -> 0 | BX43: =IF(BB43>0,1,0) -> 1 | BY43: =IF(BC43>0,1,0) -> 0 | BZ43: =IF(BD43>0,1,0) -> 0 | CA43: =IF(BE43>0,1,0) -> 0 | CB43: =IF(BF43>0,1,0) -> 0 | CC43: =IF(BG43>0,1,0) -> 0 | CD43: =IF(BH43>0,1,0) -> 0 | CE43: =IF(BI43>0,1,0) -> 0 | CG43: =BW43*W43 -> 0 | CH43: =BX43*X43 -> 443080 | CI43: =BY43*Y43 -> 0 | CJ43: =BZ43*Z43 -> 0 | CK43: =CA43*AA43 -> 0 | CL43: =CB43*AB43 -> 0 | CM43: =CC43*AC43 -> 0 | CN43: =CD43*AD43 -> 0 | CO43: =CE43*AE43 -> 0
